full_name,home~address,gender_abbr,format_height,format_weight,eye_color,passport~number,passport~issue_date,passport~exp_date,home~country
Donald Adam Brown,"7325 Wendy Ridge  - Apt. 888, Lake Christine, NM - 87391",M,"6' 1""",201 lbs,Brown,B41710521,2096-03-12,2106-03-12,United States of America
Antonio Adrian Rivera,"90702 Little Drive, North Timothy, WI - 53841",M,"5' 5""",142 lbs,Brown,W04464765,2096-01-13,2106-01-13,United States of America
Diana Sarah Sanchez,"71401 Samuel Skyway  - Apt. 726, East Laurenchester, OH - 45331",F,"5' 6""",146 lbs,Hazel,O45078578,2096-12-07,2106-12-07,United States of America
Jeffrey John Buck,"624 Mitchell Shores  - Apt. 513, North Jessemouth, ID - 83560",M,"5' 8""",186 lbs,Brown,B37864376,2095-08-21,2105-08-21,United States of America
Mary Donna Norman,"33 Riley Summit  - Suite 518, Clinetown, NE - 68046",F,"5' 6""",142 lbs,Brown,U83293030,2091-11-14,2101-11-14,United States of America
Trevor Timothy Walker,"226 Andrews Knolls, North Josephfort, DE - 19885",M,"5' 8""",186 lbs,Brown,V70774280,2099-02-24,2109-02-24,United States of America
Crystal Ashlee Arias,"62099 Rocha Ford  - Apt. 566, East Alexandra, TX - 79886",F,"5' 6""",136 lbs,Brown,O38379735,2094-06-17,2104-06-17,United States of America
Morgan Robin Newton,"975 Juarez Course  - Apt. 642, Lopezfort, IL - 62236",F,"5' 5""",144 lbs,Brown,Q73395672,2095-01-09,2105-01-09,United States of America
Andrea Higgins,"77096 Fernando Stravenue, Fitzpatrickview, MD - 21205",F,"5' 5""",136 lbs,Brown,G02227324,2092-11-07,2102-11-07,United States of America
Taylor Karen Hart,"43589 Daniel Mission, Smithland, FL - 34599",F,"5' 1""",146 lbs,Brown,G42928356,2097-05-08,2107-05-08,United States of America
Ricky David Hart,"43589 Daniel Mission, Smithland, FL - 34599",M,"5' 10""",120 lbs,Brown,J62542268,2099-05-29,2109-05-29,United States of America
Tara Rebecca Cooper,"724 Robert Fork, Port Danielside, HI - 96732",F,"5' 10""",159 lbs,Brown,X57970918,2098-02-28,2108-02-28,United States of America
Shelly Cunningham,"268 Stephen Greens, Michelletown, OR - 97166",F,"5' 0""",149 lbs,Brown,D96340293,2097-01-30,2107-01-30,United States of America
Cristina Maria Mcgee,"898 Jerry Row  - Suite 529, South Wendy, NY - 10480",F,"6' 1""",119 lbs,Brown,G90735197,2090-02-28,2100-02-28,United States of America
Jack Smith,"2471 Sanchez Trail, South Adam, AR - 72185",M,"5' 6""",180 lbs,Brown,D80508340,2093-12-26,2103-12-26,United States of America
Ryan Wilson,"956 Butler Grove, South Jamesfurt, IA - 51772",M,"5' 2""",205 lbs,Hazel,F98539561,2096-01-20,2106-01-20,United States of America
Dawn Samantha Tucker,"158 Hale Forest  - Suite 269, East Bradley, OH - 43121",F,"6' 0""",133 lbs,Hazel,L91668927,2095-01-20,2105-01-20,United States of America
Kimberly Michelle Wood,"6831 Lane Streets, Port April, AK - 99591",F,"5' 1""",129 lbs,Brown,Y28925541,2094-04-24,2104-04-24,United States of America
Tanner Michael Wood,"6831 Lane Streets, Port April, AK - 99591",M,"6' 4""",217 lbs,Brown,J93361488,2090-08-09,2100-08-09,United States of America
Pam Traci Hicks,"4040 Bowman Extension  - Suite 920, Reynoldsside, NC - 28698",F,"5' 7""",147 lbs,Brown,C97645397,2094-09-03,2104-09-03,United States of America
Mary Sandra Dyer,"8073 Sarah Springs  - Apt. 814, Benjaminmouth, SC - 29900",F,"5' 1""",158 lbs,Blue,W49025148,2094-06-29,2104-06-29,United States of America
Timothy Williams,"6705 Fuller Lakes  - Suite 046, Kimtown, RI - 02896",M,"5' 7""",224 lbs,Brown,N17756476,2093-02-08,2103-02-08,United States of America
Patricia Anita Gonzalez,"674 Jeffery Square  - Apt. 523, Lisaport, NM - 87827",F,"5' 2""",143 lbs,Hazel,U17450736,2098-12-17,2108-12-17,United States of America
Daniel Joseph Rose,"1978 Karen Ports, South Brandonfort, SC - 29656",M,"6' 1""",182 lbs,Green,K57225494,2096-07-08,2106-07-08,United States of America
Jennifer Brittany Mora,"956 Johnson Courts  - Apt. 002, Stevenfort, IL - 62265",F,"4' 11""",124 lbs,Hazel,L67004791,2096-07-31,2106-07-31,United States of America
Jamie Tammy Vaughn,"986 Joshua Mill  - Apt. 918, Lauraport, ME - 04617",F,"5' 8""",128 lbs,Blue,N09001609,2090-10-27,2100-10-27,United States of America
David Michael Norman,"33 Riley Summit  - Suite 518, Clinetown, NE - 68046",M,"5' 10""",195 lbs,Brown,O55414266,2089-01-09,2099-01-09,United States of America
Peter James Beltran,"40130 Osborne Mills, Gomezbury, NM - 87386",M,"6' 3""",160 lbs,Amber,P98912207,2090-04-08,2100-04-08,United States of America
James James Alvarez,"7668 Diana Court  - Suite 155, East Nicholas, IL - 60919",M,"6' 0""",190 lbs,Brown,D59642407,2092-10-24,2102-10-24,United States of America
Laura Hannah Howard,"3661 Baird Locks, East Cassie, NH - 03436",F,"5' 6""",150 lbs,Brown,E43554913,2097-11-04,2107-11-04,United States of America
Tammy Sylvia Noble,"6291 Steven Views  - Apt. 943, South Sarafort, NJ - 07553",F,"5' 5""",147 lbs,Brown,Z47230017,2090-06-10,2100-06-10,United States of America
Carol Kara Walters,"969 Thomas Light, North Jonathanshire, NC - 28625",F,"6' 4""",140 lbs,Blue,K84706361,2099-11-19,2109-11-19,United States of America
Adam Andrew Miller,"290 Frank Hollow, Bryantchester, MD - 21906",M,"5' 7""",206 lbs,Blue,R83830430,2097-05-06,2107-05-06,United States of America
Robyn Moore,"624 Mitchell Shores  - Apt. 513, North Jessemouth, ID - 83560",F,"5' 5""",128 lbs,Hazel,A75434485,2095-02-20,2105-02-20,United States of America
Melissa Laura Becker,"56644 Kerry Road  - Apt. 625, Lake Amymouth, OR - 97212",F,"5' 7""",143 lbs,Hazel,R63753895,2092-04-03,2102-04-03,United States of America
Sheri Ashley Morrison,"84 Curtis Pike  - Apt. 082, West Victor, HI - 96727",F,"5' 3""",130 lbs,Brown,W50547521,2093-08-24,2103-08-24,United States of America
Tanya Emma Edwards,"9039 April Brooks  - Suite 006, Oneillbury, VA - 23098",F,"5' 9""",141 lbs,Brown,N97785414,2088-11-20,2098-11-20,United States of America
Daniel Dylan Higgins,"77096 Fernando Stravenue, Fitzpatrickview, MD - 21205",M,"5' 10""",193 lbs,Brown,W78570074,2091-02-23,2101-02-23,United States of America
Stephen Anthony Lutz,"74805 Andrews Rapid  - Suite 566, East Margaretville, KY - 41622",M,"6' 3""",204 lbs,Hazel,Z23126459,2096-06-22,2106-06-22,United States of America
Michael Michael Ramirez,"8499 Laura Drive, Port Morganberg, WV - 25990",M,"6' 2""",195 lbs,Brown,L70832308,2095-06-09,2105-06-09,United States of America
Zachary James Garcia,"60872 Hendrix Trail, Carlborough, NE - 68044",M,"5' 7""",206 lbs,Brown,G72773836,2092-05-13,2102-05-13,United States of America
Juan Andrew Sherman,"10071 Mclaughlin Motorway, South Leroymouth, IN - 47580",M,"5' 9""",190 lbs,Green,K09783882,2090-02-03,2100-02-03,United States of America
Noah Kenneth Walsh,"677 Adrian Hollow, Markview, VA - 22696",M,"5' 9""",192 lbs,Brown,K82940684,2088-03-20,2098-03-20,United States of America
Sandra Lisa Myers,"9298 Williams Forge  - Suite 498, Brownport, LA - 70139",F,"5' 11""",161 lbs,Green,M70976314,2076-02-24,2086-02-24,United States of America
Isaiah Mcgee,"898 Jerry Row  - Suite 529, South Wendy, NY - 10480",M,"5' 9""",177 lbs,Hazel,N37975793,2093-04-24,2103-04-24,United States of America
Angela Dana Peterson,"87557 Burnett Bypass, Nathanielland, TN - 38341",F,"5' 3""",142 lbs,Hazel,T70274917,2095-08-25,2105-08-25,United States of America
Michelle Jill Brown,"7325 Wendy Ridge  - Apt. 888, Lake Christine, NM - 87391",F,"5' 8""",135 lbs,Blue,O13470598,2097-12-28,2107-12-28,United States of America
Michelle Lindsey Harris,"315 Dalton Islands  - Apt. 234, East Frankport, OH - 43175",F,"5' 9""",142 lbs,Brown,P54291301,2090-06-10,2100-06-10,United States of America
Linda Brenda Carrillo,"521 Harvey Ford, South Tracyshire, SC - 29799",F,"5' 4""",136 lbs,Brown,R81425180,2097-10-25,2107-10-25,United States of America
Stephen Kevin Cruz,"9854 Andrew Shoal  - Apt. 740, Port Jesusside, VA - 24491",M,"5' 8""",192 lbs,Brown,V19739958,2090-10-08,2100-10-08,United States of America
Stephanie Jean Blake,"88482 Nichole Pass  - Suite 337, Jennifermouth, RI - 02893",F,"5' 8""",136 lbs,Brown,I85691366,2094-02-27,2104-02-27,United States of America
Donna Andrea Rodriguez,"82178 Miller Locks  - Suite 928, Danielleburgh, TX - 76883",F,"5' 5""",130 lbs,Brown,W95951730,2093-12-24,2103-12-24,United States of America
William Michael Alvarez,"7668 Diana Court  - Suite 155, East Nicholas, IL - 60919",M,"5' 4""",192 lbs,Blue,J56337407,2091-09-02,2101-09-02,United States of America
Tiffany Teresa Webb,"87768 Joshua Fall  - Apt. 305, Davidberg, MT - 59903",F,"5' 4""",133 lbs,Brown,N21326257,2096-11-23,2106-11-23,United States of America
Timothy Le,"458 Rivera Mountains  - Suite 621, East Sharonmouth, TX - 77815",M,"6' 6""",194 lbs,Brown,K91056262,2099-03-06,2109-03-06,United States of America
Randy Joseph Wilson,"956 Butler Grove, South Jamesfurt, IA - 51772",M,"5' 8""",136 lbs,Hazel,K92437857,2098-02-28,2108-02-28,United States of America
Corey Walter Brooks,"1945 Delgado Motorway, Bartlettport, GA - 31800",M,"5' 5""",173 lbs,Brown,F93599756,2093-03-29,2103-03-29,United States of America
Denise Carrie Davis,"6705 Fuller Lakes  - Suite 046, Kimtown, RI - 02896",F,"5' 5""",126 lbs,Hazel,W97180428,2093-11-13,2103-11-13,United States of America
Keith Brian Arias,"62099 Rocha Ford  - Apt. 566, East Alexandra, TX - 79886",M,"6' 4""",219 lbs,Brown,Q45474198,2096-09-21,2106-09-21,United States of America
Diana Valerie Carson,"499 Rodney Flats, South Marie, KS - 67555",F,"5' 9""",124 lbs,Brown,P52555431,2097-08-14,2107-08-14,United States of America
Heather Crystal Reed,"71220 Brenda Via, Yatesshire, OH - 45372",F,"5' 8""",130 lbs,Hazel,N05985258,2096-11-14,2106-11-14,United States of America
Christina Jasmine Sherman,"10071 Mclaughlin Motorway, South Leroymouth, IN - 47580",F,"5' 6""",143 lbs,Amber,Y41843632,2093-09-22,2103-09-22,United States of America
Bradley Robert Ryan,"16910 Jill Unions, Cruzport, PA - 18597",M,"6' 4""",145 lbs,Brown,D83968450,2095-08-15,2105-08-15,United States of America
Matthew Jonathan Johnson,"674 Jeffery Square  - Apt. 523, Lisaport, NM - 87827",M,"6' 8""",193 lbs,Blue,P40800550,2091-11-18,2101-11-18,United States of America
Sheila Castillo,"213 Singleton Forge  - Apt. 296, Natalieberg, AL - 36391",F,"5' 6""",146 lbs,Brown,V60535486,2090-01-29,2100-01-29,United States of America
Helen Terry Larson,"597 Jeffrey Roads  - Suite 236, Hallstad, MA - 01351",F,"5' 4""",160 lbs,Brown,N95726856,2097-03-14,2107-03-14,United States of America
Michael Davis,"87299 Diane Knolls  - Suite 190, Jamieshire, VT - 05161",M,"6' 4""",146 lbs,Brown,E85751939,2095-06-30,2105-06-30,United States of America
Mary Kimberly Tucker,"158 Hale Forest  - Suite 269, East Bradley, OH - 43121",F,"5' 2""",134 lbs,Brown,X92165249,2091-07-02,2101-07-02,United States of America
Laura Wright,"7091 Gomez Knoll  - Apt. 543, Donaldmouth, TX - 76091",F,"5' 5""",126 lbs,Blue,O05994301,2097-06-07,2107-06-07,United States of America
Mercedes Kathleen Fields,"815 Moran Mall  - Apt. 873, Jamesbury, VA - 24318",F,"5' 9""",142 lbs,Brown,Z97110380,2097-08-19,2107-08-19,United States of America
Ryan Colton Sparks,"88738 Molly Village  - Suite 031, Thomasshire, KY - 40191",M,"5' 7""",157 lbs,Brown,J50465367,2099-04-26,2109-04-26,United States of America
Erik Daniel Spencer,"558 Gabrielle Plains, Brownfurt, MN - 55403",M,"5' 7""",190 lbs,Brown,O33291182,2093-07-17,2103-07-17,United States of America
Donna Kirsten Collins,"33440 Caitlin Trafficway  - Suite 445, Alexaburgh, ID - 83743",F,"4' 11""",146 lbs,Blue,M93176366,2092-02-15,2102-02-15,United States of America
Amy Krista Mitchell,"23 Jillian Ramp  - Suite 271, Edwardfort, RI - 02836",F,"5' 9""",156 lbs,Brown,R53576188,2091-07-31,2101-07-31,United States of America
Nicholas Louis Taylor,"87600 Hawkins Cliff  - Apt. 527, Lesliemouth, NM - 88092",M,"5' 7""",222 lbs,Brown,J83827120,2090-03-19,2100-03-19,United States of America
Joseph Frank,"891 John Terrace  - Apt. 559, South Jason, OH - 43943",M,"6' 2""",166 lbs,Brown,M28336500,2097-01-03,2107-01-03,United States of America
Wayne Jon Bartlett,"969 Thomas Light, North Jonathanshire, NC - 28625",M,"5' 10""",175 lbs,Brown,I70245975,2096-10-15,2106-10-15,United States of America
Timothy Sean Chavez,"971 Reid Way  - Suite 809, Smithbury, NH - 03416",M,"6' 0""",211 lbs,Brown,F10464128,2094-05-22,2104-05-22,United States of America
Cindy Sparks,"88738 Molly Village  - Suite 031, Thomasshire, KY - 40191",F,"5' 0""",153 lbs,Hazel,O06715628,2095-06-02,2105-06-02,United States of America
Gabrielle Emily Evans,"8499 Laura Drive, Port Morganberg, WV - 25990",F,"5' 3""",139 lbs,Hazel,X32637043,2092-03-07,2102-03-07,United States of America
Tracy Connie Carter,"307 Katie Flat, Williamfurt, NV - 89237",F,"5' 0""",109 lbs,Blue,E20559467,2095-01-07,2105-01-07,United States of America
James Tristan Callahan,"307 Katie Flat, Williamfurt, NV - 89237",M,"6' 0""",236 lbs,Brown,B87407613,2091-12-30,2101-12-30,United States of America
Jason Roger Stephens,"56863 Victor Ridges, Port Rebeccastad, CA - 92946",M,"6' 4""",218 lbs,Blue,J68028302,2098-03-02,2108-03-02,United States of America
Mark Hayes,"754 Kimberly Avenue  - Apt. 693, Evansview, IN - 46609",M,"5' 7""",200 lbs,Blue,S41368155,2092-05-21,2102-05-21,United States of America
Brittany Casey Berry,"82178 Miller Locks  - Suite 928, Danielleburgh, TX - 76883",F,"4' 8""",132 lbs,Brown,R96925019,2096-05-26,2106-05-26,United States of America
Tracie Amy Washington,"679 Roberts Shoal, Tracystad, RI - 02925",F,"5' 10""",155 lbs,Amber,H46104920,2093-08-07,2103-08-07,United States of America
Tiffany Amanda Griffith,"92077 Jennifer Greens, Theresaside, TX - 77641",F,"5' 8""",135 lbs,Brown,J26200982,2095-03-06,2105-03-06,United States of America
Brian Mark Collins,"33440 Caitlin Trafficway  - Suite 445, Alexaburgh, ID - 83743",M,"5' 9""",187 lbs,Green,H03224593,2082-08-02,2092-08-02,United States of America
Cynthia Michelle Reynolds,"675 George Fall, Mendezview, TN - 37341",F,"5' 4""",141 lbs,Brown,R08902160,2090-10-28,2100-10-28,United States of America
Jeffrey Orr,"962 Joseph Burgs  - Apt. 960, East Kimberlyview, FL - 34809",M,"6' 3""",198 lbs,Hazel,Q55869762,2091-04-04,2101-04-04,United States of America
Jason Eric Peterson,"87557 Burnett Bypass, Nathanielland, TN - 38341",M,"5' 11""",168 lbs,Amber,M29426641,2097-10-10,2107-10-10,United States of America
Jason Johnny Blake,"88482 Nichole Pass  - Suite 337, Jennifermouth, RI - 02893",M,"5' 9""",140 lbs,Brown,M84709069,2097-01-13,2107-01-13,United States of America
Samantha Monica Garcia,"60872 Hendrix Trail, Carlborough, NE - 68044",F,"5' 2""",130 lbs,Brown,O42202629,2092-02-26,2102-02-26,United States of America
Richard James Moore,"426 Shelton Turnpike  - Apt. 497, Rebeccaview, OK - 73097",M,"5' 4""",208 lbs,Brown,E67426606,2094-03-26,2104-03-26,United States of America
Jesse Sandoval,"81647 Perez Ford  - Suite 400, Angelafurt, AL - 35630",M,"5' 9""",180 lbs,Brown,H79693067,2099-11-27,2109-11-27,United States of America
Todd Hartman,"226 Andrews Knolls, North Josephfort, DE - 19885",M,"5' 6""",175 lbs,Green,D10647393,2091-02-04,2101-02-04,United States of America
Whitney Sharon Miller,"16910 Jill Unions, Cruzport, PA - 18597",F,"5' 3""",123 lbs,Blue,C20589657,2092-12-20,2102-12-20,United States of America
Laura Diaz,"615 Megan Parkways, Anthonyberg, CA - 92115",F,"5' 10""",123 lbs,Grey,G18078241,2097-11-16,2107-11-16,United States of America
Brittany Carol Brown,"48024 Jason Meadows  - Suite 471, Tammyton, KS - 66498",F,"5' 1""",144 lbs,Hazel,B48016607,2090-06-09,2100-06-09,United States of America
Matthew Brendan Ramirez,"521 Harvey Ford, South Tracyshire, SC - 29799",M,"6' 1""",170 lbs,Hazel,F57090671,2094-04-29,2104-04-29,United States of America
Shannon Vickie Walters,"52845 Ian Road, Mooreton, AZ - 86240",F,"5' 3""",159 lbs,Blue,W36515514,2096-02-25,2106-02-25,United States of America
Deanna Misty Peterson,"649 Kyle Isle, Anthonybury, UT - 84171",F,"5' 5""",140 lbs,Brown,M33665457,2091-11-29,2101-11-29,United States of America
Levi Dean Buck,"565 Daniel Circles, Kennethville, NV - 89657",M,"5' 11""",161 lbs,Brown,K51216994,2095-10-04,2105-10-04,United States of America
Daniel Mark Arias,"1815 Douglas Unions  - Suite 232, Owensview, IA - 51821",M,"6' 2""",156 lbs,Blue,J97835289,2097-01-10,2107-01-10,United States of America
Kurt Michael Higgins,"4873 Reynolds Village  - Suite 828, New Joanshire, NV - 89336",M,"5' 11""",178 lbs,Brown,C41922944,2092-11-14,2102-11-14,United States of America
Laurie Higgins,"63004 Lee Ferry  - Suite 192, Thomasstad, ME - 04026",F,"4' 4""",155 lbs,Hazel,X22359357,2097-08-21,2107-08-21,United States of America
Edward Hart,"36587 Jeffery Pike  - Suite 112, Lovebury, ME - 04715",M,"5' 7""",150 lbs,Hazel,E62239342,2099-05-12,2109-05-12,United States of America
Michael Julian Hart,"8761 Thompson Circles, New Joseton, MN - 56705",M,"5' 9""",195 lbs,Green,S28986100,2097-08-05,2107-08-05,United States of America
Amanda Donna Hart,"403 Duran Lane, South Julie, IN - 46008",F,"4' 8""",132 lbs,Blue,G98484043,2090-09-20,2100-09-20,United States of America
Bailey Mcgee,"3419 Cain Groves, West Allison, WI - 53065",F,"5' 5""",146 lbs,Hazel,F77464081,2092-03-04,2102-03-04,United States of America
Michael Mcgee,"441 Summers Alley, East Johnview, DE - 19887",M,"6' 0""",175 lbs,Brown,O83406904,2098-01-06,2108-01-06,United States of America
Audrey Sara Higgins,"4873 Reynolds Village  - Suite 828, New Joanshire, NV - 89336",F,"5' 6""",135 lbs,Brown,Y46568580,2095-06-01,2105-06-01,United States of America
Danielle Dawn Wilson,"754 Wolf Fields, Port Jackborough, IA - 52417",F,"5' 2""",142 lbs,Grey,Q18343081,2094-07-16,2104-07-16,United States of America
Ellen Morgan Tucker,"182 Ashley Passage  - Apt. 022, Port Brianview, TX - 79851",F,"5' 10""",146 lbs,Brown,L72329621,2090-01-17,2100-01-17,United States of America
Melissa Denise Blake,"73592 Rhonda Mountains  - Apt. 422, Maryburgh, RI - 02899",F,"5' 7""",124 lbs,Brown,G72562297,2097-08-20,2107-08-20,United States of America
Richard Jeffrey Williams,"182 Ashley Passage  - Apt. 022, Port Brianview, TX - 79851",M,"5' 8""",222 lbs,Brown,B12723252,2095-07-12,2105-07-12,United States of America
Carmen Williams,"346 Justin Plaza, Deckerville, ME - 04246",F,"4' 11""",150 lbs,Green,M05867234,2097-12-27,2107-12-27,United States of America
Mary Michelle Gonzalez,"41192 Williams Island  - Suite 579, East Alexander, OH - 43031",F,"5' 1""",148 lbs,Brown,V62278500,2091-07-14,2101-07-14,United States of America
Jonathan Stephen Alvarez,"403 Duran Lane, South Julie, IN - 46008",M,"5' 5""",178 lbs,Brown,Y67162849,2089-12-20,2099-12-20,United States of America
Jessica Becky Walters,"580 Edwards Court, South Joeburgh, IL - 61175",F,"5' 4""",158 lbs,Hazel,Q92095282,2091-08-29,2101-08-29,United States of America
Tammy Rachel Alvarez,"383 Martin Squares  - Apt. 028, Johnsonview, MA - 02728",F,"5' 0""",164 lbs,Brown,S35984198,2099-12-09,2109-12-09,United States of America
Sean Jeffery Walters,"580 Edwards Court, South Joeburgh, IL - 61175",M,"5' 7""",203 lbs,Brown,Q58915582,2096-02-20,2106-02-20,United States of America
Dalton Mark Walters,"52845 Ian Road, Mooreton, AZ - 86240",M,"6' 4""",184 lbs,Brown,H46798645,2093-10-13,2103-10-13,United States of America
Nancy Courtney Garcia,"95055 Woodward Via, Shelleyborough, IL - 60082",F,"4' 8""",126 lbs,Blue,P43088991,2092-10-22,2102-10-22,United States of America
Jennifer Catherine Hart,"36587 Jeffery Pike  - Suite 112, Lovebury, ME - 04715",F,"5' 3""",147 lbs,Brown,N65332092,2096-10-28,2106-10-28,United States of America
Maxwell Adrian Sherman,"70736 Henry Mission, Craigville, NH - 03314",M,"5' 11""",155 lbs,Hazel,Z75050275,2099-03-13,2109-03-13,United States of America
David Mark Peterson,"649 Kyle Isle, Anthonybury, UT - 84171",M,"5' 5""",166 lbs,Brown,S06926162,2095-01-12,2105-01-12,United States of America
Cathy Samantha Peterson,"1463 Molly Islands  - Suite 712, Tylerport, AK - 99644",F,"5' 0""",132 lbs,Brown,X84571386,2094-05-07,2104-05-07,United States of America
Margaret Hannah Carrillo,"3995 Guzman Hills, Murphyburgh, HI - 96873",F,"5' 4""",164 lbs,Brown,C95590061,2097-12-08,2107-12-08,United States of America
Travis David Blake,"73592 Rhonda Mountains  - Apt. 422, Maryburgh, RI - 02899",M,"5' 6""",218 lbs,Brown,R22879143,2097-11-27,2107-11-27,United States of America
Brandon Matthew Blake,"4495 Jensen Turnpike, New Michelle, GA - 30498",M,"6' 6""",141 lbs,Brown,E47816545,2095-06-01,2105-06-01,United States of America
Shelley Melanie Ryan,"37799 Phillip Valley  - Suite 530, Evanchester, OH - 44391",F,"5' 5""",136 lbs,Brown,Y61669962,2093-12-11,2103-12-11,United States of America
Sarah Ryan,"5017 Martinez Circle  - Apt. 658, Port Joshualand, NH - 03213",F,"5' 6""",147 lbs,Brown,D40881474,2092-10-08,2102-10-08,United States of America
Teresa Ryan,"955 Gonzalez Glen, Campbellton, CA - 92904",F,"5' 10""",150 lbs,Blue,Y69742392,2090-04-15,2100-04-15,United States of America
Nicole Blake,"4495 Jensen Turnpike, New Michelle, GA - 30498",F,"4' 9""",143 lbs,Brown,R30042772,2098-07-23,2108-07-23,United States of America
Tyler Mark Sparks,"1276 Gene Ridge, South Charles, PA - 18523",M,"5' 9""",140 lbs,Green,R29809778,2091-12-31,2101-12-31,United States of America
Kelsey Paula Walters,"13752 Amy Avenue, East Edwardbury, MS - 38678",F,"5' 1""",147 lbs,Brown,I03865829,2096-11-15,2106-11-15,United States of America
Christian Peterson,"5515 Ford Unions, New Christineberg, IN - 46926",M,"6' 1""",218 lbs,Brown,K25450554,2097-09-01,2107-09-01,United States of America
Christina Kendra Higgins,"24275 Baker Mountains, Sandraside, DC - 20029",N,"4' 8""",160 lbs,Brown,S36899817,2090-06-11,2100-06-11,United States of America
Elizabeth Pamela Hart,"544 Silva Center  - Apt. 150, Johnland, NC - 28845",F,"5' 5""",139 lbs,Brown,H62105722,2091-11-17,2101-11-17,United States of America
Sarah Nicole Peterson,"5515 Ford Unions, New Christineberg, IN - 46926",F,"5' 4""",153 lbs,Brown,U10847870,2096-03-27,2106-03-27,United States of America
Scott Richard Walters,"13752 Amy Avenue, East Edwardbury, MS - 38678",M,"5' 10""",209 lbs,Blue,V99526428,2097-04-24,2107-04-24,United States of America
Jeremy Gregory Walters,"7032 Phillips Haven, North Ashley, UT - 84188",M,"6' 2""",174 lbs,Brown,K32731806,2098-01-18,2108-01-18,United States of America
Jessica Sarah Walters,"549 Brown Trace, South Scott, IN - 46757",F,"5' 7""",143 lbs,Brown,M14591310,2091-04-18,2101-04-18,United States of America
Cynthia Erica Blake,"15367 Reed Rapid  - Apt. 181, Yorkfurt, NH - 03334",F,"5' 7""",140 lbs,Brown,V16868213,2098-05-05,2108-05-05,United States of America
Megan Rebecca Blake,"948 Tammy Extension  - Suite 362, Sanchezport, HI - 96768",F,"5' 6""",134 lbs,Brown,K53957259,2094-09-06,2104-09-06,United States of America
Anthony Bryan Blake,"15367 Reed Rapid  - Apt. 181, Yorkfurt, NH - 03334",M,"7' 1""",195 lbs,Brown,K93250762,2098-02-24,2108-02-24,United States of America
Anna Stephanie Blake,"7 Christina Manor, East Amberton, MA - 01271",F,"5' 4""",146 lbs,Brown,D82103230,2098-10-25,2108-10-25,United States of America
Mary Sabrina Blake,"514 Amy Gardens, East Bryan, WV - 26135",F,"5' 6""",165 lbs,Brown,O43902530,2097-06-19,2107-06-19,United States of America
Karen Nancy Blake,"208 Natalie Points  - Suite 974, South Bethmouth, DE - 19970",F,"5' 7""",137 lbs,Brown,L40973088,2094-06-10,2104-06-10,United States of America
