id,company_name,website,industry,sub_industry,employee_structure,founded,client_scope,hq,market_share,abbreviation,num_employees_hired,num_employees_needed,room_to_hire,employee_nums,num_clients
C00001,Health Med Medical,kttp://www.healthmedmedical.com,Healthcare,Pharmaceutical,"[Owner:P8c1c, Manager:P1c37, Manager, Employee, Employee, Employee, Employee, Employee]",2098,Local,"Business: 5515 Amanda Junction, East James, SD - 57266",0.54,HMM,2,8,True,2 / 8,14
C00002,Crave Dine Bite,kttps://www.cravedinebite.com,Food and Beverage,Fast Food,"[Owner, Manager:Pba31, Manager, Employee:Pb7b8, Employee, Employee, Employee:Pa8fb, Employee:Pd1ac]",2092,Local,"Business: 433 Linda Mills, Jenniferport, KS - 66567",0.54,CDB,4,8,True,4 / 8,6
C00003,CityWagon Rentals,kttp://www.citywagonrentals.com,Automotive,Rental,"[Owner, Manager, Manager:P30d5, Employee:P5895, Employee:Pc2c6, Employee:P6671, Employee:P0663, Employee:Pc1cc]",2098,Male,"Business: 7484 Parks Hills, Nataliestad, SD - 57192",0.39,CWR,6,8,True,6 / 8,167
C00004,Stay Getaway Vacay,kttps://www.staygetawayvacay.com,Hospitality,Vacations,"[Owner:Pf9cc, Manager, Manager:Pb3ce, Employee:Pb73e, Employee, Employee:P0dc7, Employee, Employee]",2098,Female,"Business: 66217 Cook Islands, Lake Garrett, VA - 23820",0.26,SGV,4,8,True,4 / 8,123
C00005,MarketStore Hardware,kttp://www.marketstorehardware.com,Retail,Hardware,"[Owner, Manager:Pa70d, Manager, Employee, Employee:Pd357, Employee, Employee:P1176, Employee]",2031,Regional,"Business: 56242 Juan Walks , New Nathanside, NC - 28597",0.03,MSH,3,8,True,3 / 8,4
C00006,WealthTech Loans,kttp://www.wealthtechloans.com,Finance,Loans / Mortgage Lender,"[Owner:P8d54, Manager, Manager:P5b1c, Employee:Pc874, Employee, Employee, Employee:Pb8b8, Employee:P21e9]",2099,Male,"Business: 67264 Owens Roads, Humphreymouth, MS - 39670",0.88,WTL,5,8,True,5 / 8,388
C00007,StyleHub Electro,kttps://www.stylehubelectro.com,Retail,Electronics,"[Owner, Manager, Manager:Pf716, Employee, Employee, Employee:P5e13, Employee:P0f08, Employee:P383d]",2099,Regional,"Business: 27170 Hall Pike, Friedmanburgh, IA - 50669",0.04,SHE,4,8,True,4 / 8,5
C00008,Art Hobbies,kttps://www.arthobbies.com,Entertainment,Hobbies,"[Owner:Pe6c7, Manager:P1f3d, Manager, Employee:Pcc38, Employee, Employee, Employee:Pe82d, Employee]",2052,National,"Business: 739 Eddie Stream, Nguyenton, OK - 73119",0.37,AH,4,8,True,4 / 8,342
C00009,Explore Charm Repair,kttp://www.explorecharmrepair.com,Hospitality,Repair,"[Owner, Manager:P40be, Manager:P3845, Employee:Pa73d, Employee, Employee, Employee, Employee:P40fd]",2098,Male,"Business: 329 Gerald Roads, South Philipmouth, AZ - 86017",0.26,ECR,4,8,True,4 / 8,105
C00010,CraveBite Feast,kttps://www.cravebitefeast.com,Food and Beverage,Catering,"[Owner, Manager, Manager:P1ad0, Employee, Employee, Employee:P7787, Employee, Employee]",2099,Local,"Business: 8533 Tyler Wall , Codyport, KS - 66052",0.77,CBF,2,8,True,2 / 8,8
C00011,MoveLines Move,kttps://www.movelinesmove.com,Transportation,Relocation,"[Owner:P49bd, Manager:P1e0f, Manager:Pcd74, Employee:Pa74c, Employee:Pf704, Employee:Paa03, Employee:Pae5c, Employee:P1204]",2090,Female,"Business: 75 Adam Mills, East Sheila, KS - 66198",0.21,MLM,8,8,False,8 / 8,108
C00012,Style Hub Spark,kttps://www.stylehubspark.com,Retail,Jeweler,"[Owner, Manager, Manager, Employee:P17e6, Employee:P78a4, Employee:P2084, Employee:P13e8, Employee]",2081,Regional,"Business: 8556 Kelli Villages, New Loretta, MI - 48787",0.38,SHS,4,8,True,4 / 8,22
C00013,TasteDelight Sweet,kttps://www.tastedelightsweet.com,Food and Beverage,Bakery,"[Owner, Manager, Manager:Pdf0c, Employee:P7a48, Employee, Employee, Employee, Employee:P536d]",2001,Local,"Business: 78380 Warner Springs , Lake Brandon, MT - 59925",0.69,TDS,3,8,True,3 / 8,8
C00014,MoveLines Fly,kttps://www.movelinesfly.com,Transportation,Airline,"[Owner, Manager, Manager:P0da8, Employee:Pe69e, Employee, Employee:Pe9a5, Employee, Employee:P9c35]",2092,National,"Business: 649 Sheri Highway , South Danielhaven, IN - 47559",0.74,MLF,4,8,True,4 / 8,646
C00015,Relax Charm Journey,kttp://www.relaxcharmjourney.com,Hospitality,Other,"[Owner, Manager, Manager:P0beb, Employee, Employee:Pdb28, Employee, Employee:P5cf7, Employee:Pc973]",1995,Female,"Business: 174 Preston Manors, Danielfort, ME - 04432",0.27,RCJ,4,8,True,4 / 8,111
C00016,CareMed Health,kttps://www.caremedhealth.com,Healthcare,Specialized Clinics,"[Owner, Manager, Manager:Pb989, Employee, Employee, Employee:P8ba6, Employee:P001e, Employee]",2088,Male,"Business: 0 Christina Island, Adamshire, ID - 83672",0.99,CMH,3,8,True,3 / 8,435
C00017,Knowledge Center Academic,kttps://www.knowledgecenteracademic.com,Education,College,"[Owner:P9552, Manager, Manager, Employee, Employee, Employee:Pb35c, Employee, Employee]",2084,Local,"Business: 28839 James Trail, West William, KY - 42350",0.53,KCA,2,8,True,2 / 8,16
C00018,Yum Eats To-Go,kttps://www.yumeatsto-go.com,Food and Beverage,Fast Food,"[Owner, Manager:P85f3, Manager:P24d8, Employee:Pf3a0, Employee, Employee, Employee:P23ee, Employee:P14c6]",2097,National,"Business: 29532 James Neck, Deniseview, MN - 56056",0.66,YETG,5,8,True,5 / 8,607
C00019,Drive Path Rentals,kttps://www.drivepathrentals.com,Automotive,Rental,"[Owner:P773b, Manager, Manager:P6ed0, Employee, Employee, Employee:P3434, Employee, Employee:P6b80]",2030,Male,"Business: 439 Charles Trail, South Sara, HI - 96879",0.96,DPR,4,8,True,4 / 8,430
C00020,Code Sync ISP,kttps://www.codesyncisp.com,Technology,Internet Service Providers,"[Owner:P287b, Manager:P1d2d, Manager, Employee, Employee, Employee:Pabef, Employee, Employee]",2030,Female,"Business: 2262 Wood Station, Jakehaven, WY - 82535",0.19,CSISP,3,8,True,3 / 8,88
C00021,BuyMall Market,kttps://www.buymallmarket.com,Retail,Wholesale,"[Owner:P7dcf, Manager, Manager:P874d, Employee, Employee, Employee, Employee:P5421, Employee]",2090,Male,"Business: 7826 Joseph Centers, Michaelchester, KY - 42464",0.49,BMM,3,8,True,3 / 8,211
C00022,Well Wellness Care,kttps://www.wellwellnesscare.com,Healthcare,Elderly Care,"[Owner:P73ad, Manager, Manager:Pe3a9, Employee, Employee:P04a6, Employee:P4fb7, Employee:P800f, Employee:P466d]",2089,Regional,"Business: 375 Stone Ports , Mariaport, LA - 70265",0.4,WWC,6,8,True,6 / 8,25
C00023,Flavor Delight Quench,kttp://www.flavordelightquench.com,Food and Beverage,Drinks,"[Owner:Pe21c, Manager:P164e, Manager:Pac95, Employee:P7f2c, Employee, Employee:Pc27a, Employee:Paded, Employee]",2096,Local,"Business: 52141 Dale Greens , New Mary, NC - 28374",0.99,FDQ,6,8,True,6 / 8,9
C00024,Academy Campus Primary,kttps://www.academycampusprimary.com,Education,Public K-6,"[Owner, Manager:P107d, Manager:P5997, Employee, Employee, Employee:P5039, Employee, Employee]",2022,Male,"Business: 69528 Michael Squares, West Rickburgh, MD - 21304",0.36,ACP,3,8,True,3 / 8,166
C00025,ShopMall Glam,kttps://www.shopmallglam.com,Retail,Jeweler,"[Owner:Pb85d, Manager:P44e6, Manager, Employee:Pa16d, Employee, Employee, Employee:P6a9a, Employee]",2097,Regional,"Business: 6791 Webb Bypass , Port Michaelville, WI - 53711",0.65,SMG,4,8,True,4 / 8,73
C00026,FinanceHub Capital,kttps://www.financehubcapital.com,Finance,Bank,"[Owner:Pc4ee, Manager:P841a, Manager:P5c3c, Employee:Pe433, Employee:P89b3, Employee:P5416, Employee, Employee:P4826]",2059,Female,"Business: 21879 Ryan Junctions , Scotthaven, RI - 02815",0.22,FHC,7,8,True,7 / 8,88
C00027,EducateCampus University,kttp://www.educatecampusuniversity.com,Education,University,"[Owner, Manager:P4eab, Manager, Employee, Employee, Employee, Employee, Employee:P491c]",2073,Male,"Business: 6068 Sloan Lane, Bryanhaven, SD - 57498",0.3,ECU,2,8,True,2 / 8,134
C00028,Story Reads,kttp://www.storyreads.com,Entertainment,Books,"[Owner:Pb751, Manager:P9d66, Manager, Employee, Employee, Employee, Employee:P4df1, Employee]",2072,Female,"Business: 633 Patrick Parks, South Donnashire, IL - 60789",0.64,SR,3,8,True,3 / 8,281
C00029,Cruise Haven Escape,kttps://www.cruisehavenescape.com,Hospitality,Vacations,"[Owner:P7688, Manager:P6997, Manager, Employee:Pb03c, Employee, Employee, Employee, Employee]",2091,National,"Business: 543 Bowers Light, Lake Jennifer, UT - 84619",0.22,CHE,3,8,True,3 / 8,206
C00030,Rehab Hub Elder,kttps://www.rehabhubelder.com,Healthcare,Elderly Care,"[Owner:P6e75, Manager:P52c0, Manager, Employee:Pd169, Employee:P6d5f, Employee, Employee:Pbea2, Employee:P1339]",2069,Local,"Business: 87 Andrew Inlet, Campbellland, IA - 50231",0.26,RHE,6,8,True,6 / 8,6
C00031,Stay Charm Rental,kttps://www.staycharmrental.com,Hospitality,Private House Rental,"[Owner:Pbf10, Manager:P6809, Manager:Pe63c, Employee:Peaab, Employee:P4858, Employee, Employee:Ped8f, Employee]",2098,National,"Business: 33 Terri Keys, New Bryan, MD - 21906",0.71,SCR,6,8,True,6 / 8,648
C00032,DocMed Special,kttp://www.docmedspecial.com,Healthcare,Specialized Clinics,"[Owner:P28b6, Manager:Pe54a, Manager:Pe9be, Employee:P2499, Employee, Employee:Peeb3, Employee, Employee:P9123]",2095,Regional,"Business: 8699 Stewart Highway, West Erin, IN - 46903",0.52,DMS,6,8,True,6 / 8,38
C00033,Art Reads,kttp://www.artreads.com,Entertainment,Books,"[Owner:P8e88, Manager, Manager:Pff4a, Employee, Employee:P968b, Employee, Employee, Employee]",2097,National,"Business: 2285 Miller Port, Christianstad, MS - 39165",0.85,AR,3,8,True,3 / 8,767
C00034,Relax Escape Voyage,kttps://www.relaxescapevoyage.com,Hospitality,Cruises,"[Owner:P782f, Manager, Manager:P8fb9, Employee, Employee, Employee:P257e, Employee:P3cd8, Employee:P85c4]",2099,Regional,"Business: 7277 Linda Loaf, Port Christian, OK - 73142",0.67,REV,5,8,True,5 / 8,49
C00035,Explore Haven Rental,kttp://www.explorehavenrental.com,Hospitality,Private House Rental,"[Owner, Manager:P8e76, Manager, Employee, Employee:Pda6a, Employee, Employee, Employee]",2092,Local,"Business: 79429 Juan Vista, Gloverland, TN - 37491",0.24,EHR,2,8,True,2 / 8,4
C00036,ZoomWagon Cars,kttps://www.zoomwagoncars.com,Automotive,Manufacturer,"[Owner:P8905, Manager, Manager:P19fe, Employee, Employee, Employee, Employee, Employee:P396a]",2083,National,"Business: 43354 Brooks Trace , Erikton, WA - 98107",0.82,ZWC,3,8,True,3 / 8,744
C00037,Style Place Market,kttps://www.styleplacemarket.com,Retail,Wholesale,"[Owner:P7439, Manager:P4e8a, Manager:P1b04, Employee:Pd33e, Employee:P734c, Employee:Pee88, Employee:P5bbd, Employee:P1f97]",2090,Male,"Business: 772 Charles Circles , Samanthaside, NJ - 07151",0.2,SPM,8,8,False,8 / 8,98
C00038,SelectHub Tools,kttps://www.selecthubtools.com,Retail,Hardware,"[Owner:Pdb4e, Manager, Manager:P2305, Employee:P8b1c, Employee:Pfff1, Employee:Pd013, Employee, Employee:P3920]",2082,Local,"Business: 203 Wiley Avenue, Port Lauren, NC - 27116",0.55,SHT,6,8,True,6 / 8,6
C00039,Cargo Taxi,kttps://www.cargotaxi.com,Transportation,Ride Sharing / Taxi,"[Owner, Manager, Manager, Employee:Pb857, Employee, Employee, Employee, Employee:P0531]",2083,Regional,"Business: 7300 Catherine Mill , Lake Johnathanfurt, DE - 19813",0.72,CT,2,8,True,2 / 8,26
C00040,Style World Pastime,kttps://www.styleworldpastime.com,Entertainment,Hobbies,"[Owner, Manager:P7b9d, Manager:P0b42, Employee:P8a52, Employee:Pcf69, Employee, Employee, Employee:P7654]",2096,Female,"Business: 35625 Courtney Mountains , Nixonchester, OH - 45824",0.58,SWP,5,8,True,5 / 8,253
C00041,SchoolCampus ,kttp://www.schoolcampus.com,Education,Public 10-12,"[Owner:P8e66, Manager, Manager, Employee, Employee, Employee, Employee, Employee]",2084,National,"Business: 4034 Jones Shoal , East Melvinville, DC - 20037",0.77,SC,1,8,True,1 / 8,706
C00042,CityTrails Autos,kttp://www.citytrailsautos.com,Automotive,Dealership,"[Owner, Manager:Pa9b6, Manager, Employee, Employee, Employee, Employee, Employee]",2098,Local,"Business: 3972 Billy Garden, West Emily, CO - 80159",0.13,CTA,1,8,True,1 / 8,6
C00043,ArtFlicks Play,kttps://www.artflicksplay.com,Entertainment,Sports,"[Owner, Manager, Manager:P6352, Employee:P110f, Employee:P8ea5, Employee, Employee:P68d0, Employee]",2096,Regional,"Business: 45683 Adams Glens , Hortonshire, CT - 06299",0.71,AFP,4,8,True,4 / 8,83
C00044,MoveLines Transit,kttp://www.movelinestransit.com,Transportation,Train,"[Owner, Manager:P2d05, Manager:Pecae, Employee, Employee, Employee, Employee, Employee:Pa2e0]",2092,National,"Business: 3840 Russell Fall, Lake Jennafurt, IN - 46252",0.19,MLT,3,8,True,3 / 8,160
C00045,Learn Primary,kttp://www.learnprimary.com,Education,Public K-6,"[Owner, Manager, Manager, Employee:P5225, Employee, Employee, Employee:Pf1db, Employee]",2098,Female,"Business: 25836 Goodman Ports, Hutchinsonville, DE - 19724",0.77,LP,2,8,True,2 / 8,355
C00046,Cyber Sync Wireless,kttps://www.cybersyncwireless.com,Technology,Mobile Providers,"[Owner:Pcccc, Manager:P55b6, Manager:P0b96, Employee:P05cb, Employee, Employee:P0d60, Employee:Pe66b, Employee:P8b07]",2014,Male,"Business: 8238 Susan Village , West Oliviachester, MS - 39406",0.41,CSW,7,8,True,7 / 8,178
C00047,Star Beat Sound,kttps://www.starbeatsound.com,Entertainment,Music,"[Owner:Pc453, Manager, Manager, Employee, Employee:Pf7ff, Employee, Employee:Padf9, Employee]",2067,Regional,"Business: 245 Jeffrey Summit , Debramouth, SD - 57006",0.24,SBS,3,8,True,3 / 8,25
C00048,Relax Haven Tidy,kttps://www.relaxhaventidy.com,Hospitality,Cleaning Services,"[Owner:P12aa, Manager:P8d46, Manager:P78e8, Employee:P71cf, Employee:P4676, Employee:P90d1, Employee, Employee:P177a]",2097,National,"Business: 1455 Stokes Knolls, West Maria, KS - 66323",0.73,RHT,7,8,True,7 / 8,651
C00049,CineWorld Books,kttps://www.cineworldbooks.com,Entertainment,Books,"[Owner:P1dc9, Manager, Manager, Employee:P4c77, Employee, Employee, Employee:P0679, Employee:P1b7e]",2090,Local,"Business: 627 Rice Rue, South Michael, SD - 57432",0.09,CWB,4,8,True,4 / 8,3
C00050,Speed Ways Wings,kttps://www.speedwayswings.com,Transportation,Airline,"[Owner, Manager:Pe157, Manager, Employee, Employee:Pf5b3, Employee, Employee, Employee:P89d2]",2094,National,"Business: 9041 Paula Burgs , North Markborough, NV - 89841",0.07,SWW,3,8,True,3 / 8,54
C00051,Bite Cuisine Quench,kttps://www.bitecuisinequench.com,Food and Beverage,Drinks,"[Owner, Manager, Manager, Employee, Employee, Employee:P1041, Employee, Employee]",2099,Local,"Business: 17451 Scott Locks, South Annafort, AR - 72233",0.58,BCQ,1,8,True,1 / 8,11
C00052,Drive Ways R Us,kttp://www.drivewaysrus.com,Automotive,Dealership,"[Owner, Manager, Manager, Employee, Employee, Employee, Employee, Employee]",2061,Regional,"Business: 6044 David Union, Kennethmouth, PA - 18517",0.48,DWRU,0,8,True,0 / 8,17
C00053,CityWagon Shop,kttps://www.citywagonshop.com,Automotive,Mechanic,"[Owner:Pdbf3, Manager:P4539, Manager, Employee, Employee, Employee, Employee, Employee]",2090,Female,"Business: 1044 Justin Lake , Hernandezport, NH - 03819",0.45,CWS,2,8,True,2 / 8,224
C00054,Logic Net,kttps://www.logicnet.com,Technology,Internet Service Providers,"[Owner, Manager, Manager, Employee, Employee, Employee:Pf5df, Employee, Employee:P2026]",2041,Female,"Business: 27 Cain Junctions , East Isaacmouth, NE - 68028",0.14,LN,2,8,True,2 / 8,57
C00055,CruiseJourney Clean,kttps://www.cruisejourneyclean.com,Hospitality,Cleaning Services,"[Owner, Manager:Pb264, Manager, Employee, Employee, Employee, Employee, Employee:P4bd0]",2093,National,"Business: 889 Samantha Summit, Lauraburgh, PA - 17211",0.53,CJC,2,8,True,2 / 8,473
C00056,MoneyWise Fund,kttp://www.moneywisefund.com,Finance,Investment Firm,"[Owner:P2eaa, Manager:P4e05, Manager:P25ff, Employee:P1a09, Employee:Pf2a6, Employee:Pefeb, Employee:P53d2, Employee:P649e]",2093,National,"Business: 55361 Humphrey Trace , Jasonbury, WY - 82858",0.77,MWF,8,8,False,8 / 8,687
C00057,InstituteHub Institute,kttps://www.institutehubinstitute.com,Education,University,"[Owner, Manager, Manager, Employee:Pe604, Employee, Employee, Employee, Employee]",2084,Regional,"Business: 859 Ponce Lakes, New Deborahmouth, WA - 99258",0.7,IHI,1,8,True,1 / 8,57
C00058,Money Vault Mortgage,kttp://www.moneyvaultmortgage.com,Finance,Loans / Mortgage Lender,"[Owner, Manager, Manager, Employee:Pa1d3, Employee, Employee:P6bae, Employee, Employee]",2097,Male,"Business: 925 Gwendolyn Vista , Lambport, CT - 06357",0.35,MVM,2,8,True,2 / 8,162
C00059,Cargo Path Sail,kttps://www.cargopathsail.com,Transportation,Boat,"[Owner, Manager:P97ac, Manager:Pe521, Employee:P96f4, Employee, Employee, Employee, Employee:P2ed2]",2098,Local,"Business: 8912 Russell Lights, Port Jeremy, ID - 83795",0.6,CPS,4,8,True,4 / 8,15
C00060,Buy Hub Grocer,kttp://www.buyhubgrocer.com,Retail,Grocery,"[Owner, Manager, Manager, Employee, Employee:P8b1a, Employee, Employee:Pff41, Employee]",2096,Regional,"Business: 8724 Colleen Village, Bowersmouth, GA - 31028",0.12,BHG,2,8,True,2 / 8,15
C00061,DeliciousEats Drinks,kttp://www.deliciouseatsdrinks.com,Food and Beverage,Drinks,"[Owner:P6c00, Manager:P4c54, Manager:P7b19, Employee, Employee, Employee:P6838, Employee, Employee]",2074,Local,"Business: 726 Daniel Throughway , Port Brian, VT - 05142",0.5,DED,4,8,True,4 / 8,7
C00062,Invest Capital,kttps://www.investcapital.com,Finance,Hedge Fund,"[Owner, Manager, Manager:Pbd26, Employee, Employee, Employee, Employee:P5ef1, Employee]",2098,Regional,"Business: 624 Amy Flat, Port Kendramouth, MD - 21413",1.0,IC,2,8,True,2 / 8,104
C00063,Go Autos,kttp://www.goautos.com,Automotive,Dealership,"[Owner, Manager, Manager, Employee, Employee:P83ad, Employee, Employee, Employee]",2013,National,"Business: 222 Andrea Turnpike , North Danielle, MS - 38797",0.29,GA,1,8,True,1 / 8,276
C00064,LeisureGetaway Haven,kttps://www.leisuregetawayhaven.com,Hospitality,Vacations,"[Owner:P3117, Manager, Manager, Employee, Employee, Employee, Employee:Pdf25, Employee]",2094,Male,"Business: 736 James Centers , East Ericberg, NC - 28686",0.42,LGH,2,8,True,2 / 8,186
C00065,SelectMall Gadget,kttp://www.selectmallgadget.com,Retail,Electronics,"[Owner:P0091, Manager:P4470, Manager:P8f59, Employee:Pd2aa, Employee:P4be6, Employee:P064b, Employee:P2aea, Employee:P9358]",2097,National,"Business: 9731 Palmer Spurs, North Patriciaville, LA - 70743",0.7,SMG,8,8,False,8 / 8,630
C00066,CodeWare Connect,kttps://www.codewareconnect.com,Technology,Social Media,"[Owner, Manager, Manager, Employee, Employee, Employee:P216b, Employee:P300f, Employee]",2052,Female,"Business: 450 Barrett Prairie, Port Sherry, WY - 82347",0.64,CWC,2,8,True,2 / 8,289
C00067,Commute Path Cargo,kttp://www.commutepathcargo.com,Transportation,Shipping / Freight,"[Owner, Manager, Manager:Pbc71, Employee:P9cae, Employee, Employee:P400d, Employee:Pb8c7, Employee]",2098,Female,"Business: 68295 Spencer Ville , Elizabethtown, WV - 24731",0.35,CPC,4,8,True,4 / 8,146
C00068,Bite Eats Beverage,kttp://www.biteeatsbeverage.com,Food and Beverage,Drinks,"[Owner:P5ac8, Manager, Manager, Employee, Employee:P38d3, Employee:P85c8, Employee:Pf817, Employee:P8dd7]",2095,Regional,"Business: 7657 Holt Crest , Lake Tamarafort, OK - 73141",0.48,BEB,5,8,True,5 / 8,29
C00069,Money Wise Fund,kttp://www.moneywisefund.com,Finance,Hedge Fund,"[Owner, Manager, Manager, Employee, Employee:Ped84, Employee, Employee, Employee:Pee26]",2099,Male,"Business: 79027 Donovan Knolls, Kyleberg, NH - 03206",0.8,MWF,2,8,True,2 / 8,349
C00070,AcademyCenter College,kttp://www.academycentercollege.com,Education,College,"[Owner, Manager, Manager:P638f, Employee:P5241, Employee, Employee, Employee, Employee]",2098,Female,"Business: 80577 Tammy Field , Port Courtneyshire, NV - 89675",0.94,ACC,2,8,True,2 / 8,420
C00071,MoneyWise Bank,kttps://www.moneywisebank.com,Finance,Bank,"[Owner, Manager, Manager:P09b8, Employee, Employee, Employee, Employee:P388d, Employee:P04b7]",2098,Male,"Business: 4839 Jennifer Isle, Hoodview, TN - 38446",0.55,MWB,3,8,True,3 / 8,241
C00072,Inno Connect,kttps://www.innoconnect.com,Technology,Social Media,"[Owner, Manager:P62cd, Manager, Employee:P844f, Employee, Employee:P9d25, Employee:Pcffa, Employee]",2081,Local,"Business: 3427 Wang Harbors, Kristenshire, VT - 05281",0.88,IC,4,8,True,4 / 8,12
C00073,DocWellness Pharma,kttps://www.docwellnesspharma.com,Healthcare,Pharmaceutical,"[Owner, Manager, Manager:P4b33, Employee:Pe8c0, Employee, Employee:P9726, Employee, Employee]",2081,National,"Business: 41183 Kimberly Shoal, Webbstad, AZ - 85776",0.38,DWP,3,8,True,3 / 8,323
C00074,Finance Vault Finance,kttp://www.financevaultfinance.com,Finance,Bank,"[Owner:Pdb94, Manager, Manager:P9c0e, Employee, Employee, Employee:Pb47e, Employee, Employee:Pf375]",1953,Regional,"Business: 417 Michael Port , Port Rachel, UT - 84173",0.54,FVF,4,8,True,4 / 8,60
C00075,Tech Solutions ISP,kttp://www.techsolutionsisp.com,Technology,Internet Service Providers,"[Owner, Manager, Manager, Employee, Employee, Employee, Employee:Pd08e, Employee]",2098,Male,"Business: 276 Paul Junctions, Port Jessicastad, SD - 57571",0.6,TSISP,1,8,True,1 / 8,271
C00076,Trend Hub Mart,kttps://www.trendhubmart.com,Retail,Convenience,"[Owner, Manager:Pcd2c, Manager, Employee:P4eb3, Employee:Pb067, Employee, Employee:P7771, Employee]",2084,Female,"Business: 113 Brown Vista , Port Megan, IL - 62254",0.7,THM,4,8,True,4 / 8,333
C00077,Logic Hub Network,kttp://www.logichubnetwork.com,Technology,Community,"[Owner, Manager, Manager, Employee, Employee, Employee, Employee, Employee:Pceda]",2094,Local,"Business: 18 Jose Turnpike , Kristinamouth, MT - 59006",0.94,LHN,1,8,True,1 / 8,11
C00078,Route Lines Freight,kttp://www.routelinesfreight.com,Transportation,Shipping / Freight,"[Owner, Manager, Manager:P567b, Employee, Employee, Employee, Employee, Employee]",2098,Male,"Business: 7841 Roberts Trace , Lake Samantha, LA - 70547",0.3,RLF,1,8,True,1 / 8,138
C00079,Cargo Routes Express,kttps://www.cargoroutesexpress.com,Transportation,Train,"[Owner:Pd153, Manager:P39f2, Manager, Employee, Employee:P4e6f, Employee, Employee:P9e03, Employee:P1d3e]",2098,Regional,"Business: 982 Ballard Village , Port Melissamouth, NH - 03866",0.53,CRE,5,8,True,5 / 8,60
C00080,Cargo Routes Ships,kttp://www.cargoroutesships.com,Transportation,Boat,"[Owner, Manager:P248d, Manager, Employee, Employee:P0bd1, Employee, Employee:P4d86, Employee:P7e1e]",2068,Local,"Business: 987 Alvarez Bypass, East Annaton, IN - 46639",0.33,CRS,4,8,True,4 / 8,6
C00081,Logic Systems Connect,kttps://www.logicsystemsconnect.com,Technology,Internet Service Providers,"[Owner, Manager, Manager:P1bfe, Employee, Employee, Employee, Employee, Employee:Pf465]",1999,Female,"Business: 34996 Swanson Ranch, Stephaniemouth, VT - 05346",0.47,LSC,2,8,True,2 / 8,210
C00082,InstituteCenter University,kttps://www.institutecenteruniversity.com,Education,University,"[Owner:P55ab, Manager, Manager:Pc4fd, Employee, Employee:P9567, Employee:P2a86, Employee:P5c0c, Employee]",2096,Regional,"Business: 66413 Jones Hills , East Sarahhaven, IL - 62828",0.32,ICU,5,8,True,5 / 8,19
C00083,InnoSolutions Web,kttp://www.innosolutionsweb.com,Technology,Internet Service Providers,"[Owner, Manager:P39ea, Manager:P16b1, Employee:Pb6a6, Employee, Employee, Employee:Pd222, Employee]",2083,Male,"Business: 5708 Katherine Mill , Mirandaberg, MD - 21102",0.38,ISW,4,8,True,4 / 8,168
C00084,LogicWare Media,kttps://www.logicwaremedia.com,Technology,Social Media,"[Owner:P1cac, Manager, Manager, Employee:Pfe70, Employee, Employee, Employee, Employee]",2082,Female,"Business: 722 Ortiz Pines, Harveyville, DE - 19965",0.57,LWM,2,8,True,2 / 8,239
C00085,DocHub Clinic,kttp://www.dochubclinic.com,Healthcare,Specialized Clinics,"[Owner, Manager, Manager:Paf21, Employee, Employee:P0708, Employee, Employee, Employee]",2087,Local,"Business: 2089 Moore Ranch , Port Julie, MD - 21027",0.98,DHC,2,8,True,2 / 8,16
C00086,Leisure Charm Services,kttp://www.leisurecharmservices.com,Hospitality,Cleaning Services,"[Owner:Pf14e, Manager, Manager:P34e1, Employee, Employee:Pb7fd, Employee:Pf113, Employee, Employee]",2097,Local,"Business: 9976 Patrick View, West Robert, OK - 73102",0.26,LCS,4,8,True,4 / 8,5
C00087,Tech Sync Wireless,kttps://www.techsyncwireless.com,Technology,Mobile Providers,"[Owner, Manager:P2863, Manager, Employee:P5787, Employee:P17ce, Employee:P17d0, Employee:Pa161, Employee]",2091,Male,"Business: 22753 Regina Cape , Atkinsonburgh, KS - 66083",0.8,TSW,5,8,True,5 / 8,352
C00088,CapitalTech Lend,kttps://www.capitaltechlend.com,Finance,Loans / Mortgage Lender,"[Owner:P304a, Manager, Manager:Pe30c, Employee, Employee, Employee, Employee:Pfb86, Employee]",2082,Local,"Business: 5354 Madison Motorway , Schultzhaven, AR - 72339",0.56,CTL,3,8,True,3 / 8,9
C00089,LeisureGetaway Amuse,kttp://www.leisuregetawayamuse.com,Hospitality,Theme Park,"[Owner, Manager:P80df, Manager, Employee:P4288, Employee, Employee, Employee, Employee]",2090,Regional,"Business: 5260 Williams Creek , North Joseph, DC - 20028",0.91,LGA,2,8,True,2 / 8,97
C00090,A Taste ofCuisine Treats,kttp://www.atasteofcuisinetreats.com,Food and Beverage,Bakery,"[Owner, Manager:Pcff3, Manager:P510d, Employee, Employee, Employee:P68ed, Employee, Employee]",2090,Local,"Business: 390 Jones Ports , North Raymond, KY - 40086",0.24,ATCT,3,8,True,3 / 8,5
C00091,DeliciousEats Bistro,kttp://www.deliciouseatsbistro.com,Food and Beverage,Restaurant,"[Owner:P4d74, Manager, Manager, Employee, Employee, Employee, Employee:Pb0df, Employee:P16d6]",2085,Regional,"Business: 295 Walker Square, Port Kimberly, VA - 24541",0.23,DEB,3,8,True,3 / 8,28
C00092,ZoomPath To Go,kttps://www.zoompathtogo.com,Automotive,Rental,"[Owner, Manager, Manager, Employee:Pfd33, Employee, Employee, Employee, Employee]",2090,National,"Business: 814 Donald Causeway , Normanton, MA - 02447",0.79,ZPTG,1,8,True,1 / 8,703
C00093,ByteSync Hub,kttp://www.bytesynchub.com,Technology,Community,"[Owner:P5204, Manager:P19a0, Manager:Pbc2c, Employee:P9599, Employee:Pc6db, Employee:Pe6a1, Employee:P766b, Employee:Pa9d8]",2071,Female,"Business: 1068 Danielle Forge, Port Robertburgh, HI - 96854",0.83,BSH,8,8,False,8 / 8,369
C00094,Invest Tech Loans,kttps://www.investtechloans.com,Finance,Loans / Mortgage Lender,"[Owner, Manager, Manager, Employee, Employee:P2258, Employee, Employee, Employee:P1cc1]",2084,Local,"Business: 60 Taylor Meadow, Obrienburgh, MT - 59804",0.14,ITL,2,8,True,2 / 8,3
C00095,Speed Trains,kttp://www.speedtrains.com,Transportation,Train,"[Owner, Manager, Manager, Employee, Employee, Employee:Pb98e, Employee, Employee]",2083,National,"Business: 3325 Townsend Square, Port Michelebury, MS - 39217",0.51,ST,1,8,True,1 / 8,462
C00096,Invest Vault Trust,kttps://www.investvaulttrust.com,Finance,Bank,"[Owner:P8e10, Manager, Manager, Employee, Employee, Employee, Employee, Employee]",2098,Local,"Business: 150 Benjamin Plains , South Timothy, SD - 57696",0.75,IVT,1,8,True,1 / 8,14
C00097,Transit Ways Rides,kttps://www.transitwaysrides.com,Transportation,Ride Sharing / Taxi,"[Owner:P1bac, Manager:P5d10, Manager, Employee:Pc66c, Employee, Employee, Employee:P5b00, Employee]",2096,Female,"Business: 32932 Nichols Ways , Karenberg, UT - 84679",0.61,TWR,4,8,True,4 / 8,290
C00098,Dinero Bank,kttp://www.dinerobank.com,Finance,Bank,"[Owner:P8abf, Manager:P5cd7, Manager:P83ae, Employee:Pdfd5, Employee, Employee, Employee, Employee:Pf5c6]",2094,Regional,"Business: 119 Patricia Unions , South Jeremy, NH - 03180",0.5,DB,5,8,True,5 / 8,64
C00099,TourEscape Mend,kttp://www.tourescapemend.com,Hospitality,Repair,"[Owner, Manager:P5164, Manager, Employee:Pb51f, Employee, Employee, Employee, Employee]",2091,Female,"Business: 8243 Torres Road, West Amyfurt, NM - 88380",0.5,TEM,2,8,True,2 / 8,229
C00100,Commute Express Logistics,kttps://www.commuteexpresslogistics.com,Transportation,Shipping / Freight,"[Owner:P7cec, Manager:Pbba0, Manager, Employee:P08c7, Employee, Employee, Employee:P98c5, Employee:Pa21d]",2080,Local,"Business: 1331 Watson Common, Reginaldshire, SD - 57325",0.17,CEL,5,8,True,5 / 8,3
C00101,Well Med Health,kttp://www.wellmedhealth.com,Healthcare,Pharmaceutical,"[Owner:P5fd1, Manager:Pb363, Manager:Pa040, Employee:P1fcc, Employee:P3b52, Employee:Pccd4, Employee:Pa92c, Employee:P855c]",2098,Regional,"Business: 4384 Miller Crescent, Sabrinamouth, CA - 90370",0.77,WMH,8,8,False,8 / 8,64
C00102,Yum Sip Brew,kttp://www.yumsipbrew.com,Food and Beverage,Beverage Manufacture,"[Owner, Manager:P1a92, Manager:Paac2, Employee:Pb1c9, Employee, Employee, Employee, Employee]",2085,National,"Business: 459 Adams Well, Amymouth, VT - 05467",0.44,YSB,3,8,True,3 / 8,398
C00103,School School,kttps://www.schoolschool.com,Education,Public K-6,"[Owner:P3fcb, Manager:P0394, Manager:Paced, Employee:Pf8a6, Employee, Employee:Pdd06, Employee, Employee:P1659]",2063,National,"Business: 67013 Deborah Plains , North Martin, CO - 81072",0.09,SS,6,8,True,6 / 8,73
C00104,Invest Wise Fund,kttp://www.investwisefund.com,Finance,Hedge Fund,"[Owner:P2ed7, Manager:P5722, Manager, Employee, Employee, Employee, Employee:P2d54, Employee]",2090,Regional,"Business: 9783 Gordon Knolls, South Catherine, FL - 32238",0.99,IWF,3,8,True,3 / 8,114
C00105,AutoWagon Repair,kttp://www.autowagonrepair.com,Automotive,Mechanic,"[Owner:P651e, Manager:Pcf66, Manager:Pe893, Employee:P2145, Employee:P4d51, Employee, Employee, Employee:Pc277]",2092,National,"Business: 92017 Juarez Fall , East Kathrynbury, ME - 04923",0.47,AWR,6,8,True,6 / 8,417
C00106,HealthLife Wellness,kttp://www.healthlifewellness.com,Healthcare,Wellness,"[Owner:Pafbf, Manager, Manager, Employee, Employee, Employee:P35e5, Employee:Pfa37, Employee:P8e92]",2096,Female,"Business: 4753 Richards Spring , New Jimmyhaven, LA - 70220",0.11,HLW,4,8,True,4 / 8,50
C00107,Crave Cuisine Sweet,kttp://www.cravecuisinesweet.com,Food and Beverage,Desserts,"[Owner, Manager, Manager:P0358, Employee, Employee, Employee, Employee, Employee]",2090,National,"Business: 394 Smith Lock , Murraymouth, WI - 54931",0.96,CCS,1,8,True,1 / 8,867
C00108,Speed Wagon Shop,kttp://www.speedwagonshop.com,Automotive,Mechanic,"[Owner, Manager, Manager, Employee, Employee, Employee:Pdd40, Employee:P6d82, Employee:Paf76]",2092,Local,"Business: 124 Travis Mountains, Bryanton, ME - 04748",0.85,SWS,3,8,True,3 / 8,11
C00109,SelectPlace Tools,kttps://www.selectplacetools.com,Retail,Hardware,"[Owner, Manager, Manager, Employee, Employee, Employee:P75e4, Employee, Employee:P37c7]",2097,Male,"Business: 5289 Miller Circle , Josephshire, MN - 55998",0.79,SPT,2,8,True,2 / 8,356
C00110,CraveCuisine Sweet,kttps://www.cravecuisinesweet.com,Food and Beverage,Desserts,"[Owner:Pae18, Manager:P2c04, Manager, Employee, Employee, Employee, Employee:Pc966, Employee:Pfa14]",2082,Local,"Business: 507 Karen Inlet, Dominicmouth, NV - 89147",0.91,CCS,4,8,True,4 / 8,14
C00111,CruiseGetaway Inn,kttp://www.cruisegetawayinn.com,Hospitality,Hotels,"[Owner:Pa05e, Manager, Manager:P29f4, Employee:P59cb, Employee, Employee:P33f7, Employee, Employee]",2096,Female,"Business: 625 Cook Underpass, Lake Courtneyland, SC - 29419",0.65,CGI,4,8,True,4 / 8,289
C00112,Route Express,kttp://www.routeexpress.com,Transportation,Train,"[Owner:P68b2, Manager:P0f2d, Manager, Employee, Employee:P7da3, Employee:P4a2d, Employee, Employee]",2098,Local,"Business: 76404 Laura Points, North Yolanda, WV - 25958",0.5,RE,4,8,True,4 / 8,6
C00113,Study University,kttps://www.studyuniversity.com,Education,University,"[Owner, Manager:P46e0, Manager, Employee, Employee, Employee, Employee, Employee:Pf328]",2096,National,"Business: 9092 Stephanie Station, West Joseph, NE - 68076",0.38,SU,2,8,True,2 / 8,339
C00114,LogicSync Connect,kttps://www.logicsyncconnect.com,Technology,Mobile Providers,"[Owner:P418e, Manager:P5082, Manager:P6704, Employee, Employee:P2afe, Employee, Employee:P1f17, Employee]",2096,Local,"Business: 941 Leonard Underpass, New Bryan, NC - 27407",0.79,LSC,5,8,True,5 / 8,8
C00115,FeastSip Feast,kttp://www.feastsipfeast.com,Food and Beverage,Catering,"[Owner:Pec89, Manager, Manager, Employee:P62f1, Employee, Employee:Pb004, Employee:P3107, Employee:P17b2]",2058,Local,"Business: 9946 Robles Camp, Castilloside, MI - 49783",0.71,FSF,5,8,True,5 / 8,10
C00116,Stay Charm Fix,kttp://www.staycharmfix.com,Hospitality,Repair,"[Owner:Pf7e8, Manager:Pb049, Manager, Employee, Employee, Employee:P0752, Employee, Employee]",2021,Female,"Business: 8065 Ian Meadows, East Anthony, MN - 55139",0.71,SCF,3,8,True,3 / 8,324
C00117,Star Chic Sound,kttps://www.starchicsound.com,Entertainment,Music,"[Owner, Manager:P9808, Manager, Employee, Employee, Employee:P1e19, Employee:P085c, Employee:Pc6c5]",2098,National,"Business: 685 Randolph Mountains, Port Keithside, OH - 45092",0.74,SCS,4,8,True,4 / 8,684
C00118,Inno Systems Network,kttps://www.innosystemsnetwork.com,Technology,Community,"[Owner:Pbb26, Manager, Manager:P318e, Employee, Employee:P914a, Employee, Employee, Employee:P8a6b]",2099,Regional,"Business: 46833 Duncan Ports, Lewisville, AZ - 86547",0.15,ISN,4,8,True,4 / 8,13
C00119,Fund Tech Fund,kttp://www.fundtechfund.com,Finance,Investment Firm,"[Owner, Manager:P8266, Manager, Employee, Employee, Employee, Employee:P1353, Employee]",2090,National,"Business: 68022 Kathy Passage, Lake Donnafort, SC - 29034",0.46,FTF,2,8,True,2 / 8,421
C00120,MoveExpress Express,kttps://www.moveexpressexpress.com,Transportation,Courier / Delivery,"[Owner, Manager:Pa735, Manager:P6246, Employee:Pbcbe, Employee, Employee, Employee, Employee:Pe874]",2000,National,"Business: 66266 Joseph Shores, Welchhaven, WI - 53869",0.78,MEE,4,8,True,4 / 8,715
C00121,Vacay Charm Haven,kttps://www.vacaycharmhaven.com,Hospitality,Vacations,"[Owner, Manager, Manager, Employee:P7beb, Employee, Employee, Employee, Employee]",2097,Female,"Business: 695 Amy Radial, East Megan, ID - 83404",0.05,VCH,1,8,True,1 / 8,12
C00122,CraveDelight Sweet,kttps://www.cravedelightsweet.com,Food and Beverage,Desserts,"[Owner:Pf3b2, Manager:Pbf2e, Manager, Employee:Pe552, Employee:P4edf, Employee, Employee, Employee]",2091,Female,"Business: 67869 Shawn Rapid, West Kimberly, CA - 94998",0.63,CDS,4,8,True,4 / 8,283
C00123,Inno Net,kttp://www.innonet.com,Technology,Internet Service Providers,"[Owner, Manager:Pcf4d, Manager:P6e45, Employee:P5b3b, Employee:P947d, Employee, Employee:P3749, Employee]",2057,National,"Business: 7990 Sandra Estate , Ericton, HI - 96880",0.82,IN,5,8,True,5 / 8,737
C00124,CargoRoutes Bus,kttp://www.cargoroutesbus.com,Transportation,Bus,"[Owner, Manager:Pfa7d, Manager:Pb4c2, Employee:Pdf61, Employee:P9e50, Employee:P6fb8, Employee:Pe83f, Employee]",2099,Regional,"Business: 551 Rush Ford , Lake Devin, IL - 62460",0.77,CRB,6,8,True,6 / 8,48
C00125,HealthHub Clinic,kttp://www.healthhubclinic.com,Healthcare,Specialized Clinics,"[Owner:P1e62, Manager, Manager, Employee, Employee:Pd87e, Employee, Employee, Employee]",2054,Male,"Business: 17654 Brown Drive, Sherriborough, SC - 29314",0.88,HHC,2,8,True,2 / 8,390
C00126,TasteDelight Food,kttp://www.tastedelightfood.com,Food and Beverage,Food Truck,"[Owner:Pebd5, Manager:P9cec, Manager, Employee:P72ba, Employee:P8824, Employee, Employee:Pdaa3, Employee:P07f6]",2092,Regional,"Business: 4759 Dean Fort , North Matthewton, NJ - 08775",0.75,TDF,6,8,True,6 / 8,88
C00127,FitMed Medicine,kttp://www.fitmedmedicine.com,Healthcare,Specialized Clinics,"[Owner, Manager, Manager:Pe08b, Employee:P2284, Employee, Employee:P6cf8, Employee:Pfc1f, Employee:P5a4f]",2096,National,"Business: 57083 Christopher Centers , Port Carolyn, MO - 63801",0.9,FMM,5,8,True,5 / 8,823
C00128,Wealth Wise Finance,kttps://www.wealthwisefinance.com,Finance,Bank,"[Owner, Manager:Pbc86, Manager, Employee, Employee, Employee:P1503, Employee, Employee]",2099,Regional,"Business: 708 Martin Pines , Housefurt, PA - 17821",0.09,WWF,2,8,True,2 / 8,3
C00129,FlavorDelight Bake,kttp://www.flavordelightbake.com,Food and Beverage,Bakery,"[Owner:P593c, Manager:Pd21a, Manager, Employee:P7ef4, Employee, Employee:Pf239, Employee:Pe651, Employee:P1fdd]",2096,Female,"Business: 587 Fernandez Corners, East Robertland, AR - 72371",0.74,FDB,6,8,True,6 / 8,337
C00130,Delicious Dine Feast,kttps://www.deliciousdinefeast.com,Food and Beverage,Catering,"[Owner:P43ab, Manager, Manager, Employee:P0eba, Employee, Employee:Pec07, Employee:P3eab, Employee:Pee27]",2072,Male,"Business: 7666 Huang Square , West Abigailland, WA - 98182",0.15,DDF,5,8,True,5 / 8,76
C00131,StylePlace Market,kttp://www.styleplacemarket.com,Retail,Wholesale,"[Owner:P0ef0, Manager, Manager, Employee:P360b, Employee:Pcc83, Employee:Pd45d, Employee:P31be, Employee]",2098,Local,"Business: 992 Tran Union , Douglaston, IN - 46871",0.37,SPM,5,8,True,5 / 8,5
C00132,Finance Wise Capital,kttps://www.financewisecapital.com,Finance,Bank,"[Owner:P3cd7, Manager:Pad06, Manager, Employee, Employee, Employee:Pc3be, Employee, Employee]",2071,Male,"Business: 3767 Zachary Green, North Danaside, ME - 03960",0.72,FWC,3,8,True,3 / 8,329
C00133,Journey Routes Move,kttps://www.journeyroutesmove.com,Transportation,Relocation,"[Owner:Pc6ef, Manager:Pf28b, Manager:Pf4b6, Employee:Pb525, Employee:P65a1, Employee, Employee:P6707, Employee]",2069,Female,"Business: 4965 Norris Plain , Erinfort, MI - 49460",0.06,JRM,6,8,True,6 / 8,30
C00134,Play Beat Sports,kttp://www.playbeatsports.com,Entertainment,Sports,"[Owner:Pe4f7, Manager, Manager, Employee, Employee:P5a3d, Employee, Employee:P4594, Employee]",2087,Regional,"Business: 96141 Carpenter Stravenue, South Courtneyside, VA - 22802",0.23,PBS,3,8,True,3 / 8,28
C00135,School Institute,kttp://www.schoolinstitute.com,Education,University,"[Owner, Manager, Manager:P2dd2, Employee:P649f, Employee, Employee:Paba2, Employee:Pf916, Employee:P7381]",2082,Male,"Business: 588 Victoria Lights , Sarahton, NH - 03415",1.0,SI,5,8,True,5 / 8,442
C00136,InvestTech Finance,kttp://www.investtechfinance.com,Finance,Bank,"[Owner:Peb18, Manager:Pa56f, Manager:Pcece, Employee, Employee, Employee:P4bef, Employee, Employee]",2099,National,"Business: 350 David Courts , New Ross, GA - 31920",0.79,ITF,4,8,True,4 / 8,725
C00137,Tech Ware Net,kttps://www.techwarenet.com,Technology,Mobile Providers,"[Owner:Pd569, Manager:Pbbb3, Manager, Employee:P399d, Employee, Employee, Employee:P17c9, Employee]",2098,National,"Business: 5803 Veronica Spring, South Jenniferview, KY - 41402",0.66,TWN,4,8,True,4 / 8,608
C00138,CargoLines Taxi,kttps://www.cargolinestaxi.com,Transportation,Ride Sharing / Taxi,"[Owner, Manager, Manager:P3751, Employee, Employee, Employee:P5d5e, Employee:Pbb87, Employee]",2090,Regional,"Business: 976 Cox Plain, Weaverland, NH - 03067",0.97,CLT,3,8,True,3 / 8,108
C00139,Learn Campus Learn,kttp://www.learncampuslearn.com,Education,University,"[Owner:Pa6bf, Manager:P5a1d, Manager:P1ada, Employee:Pa271, Employee:P8dbe, Employee:P16f7, Employee:P1bdc, Employee:P56ec]",2090,Female,"Business: 4938 Kristina Throughway, Stephaniechester, WV - 25669",0.81,LCL,8,8,False,8 / 8,371
C00140,AutoPath Automotive,kttp://www.autopathautomotive.com,Automotive,Suppliers,"[Owner:Pdf6a, Manager, Manager:P0bc5, Employee, Employee, Employee, Employee:P6f1c, Employee:P13dc]",2096,Regional,"Business: 445 Roth Unions, Allisonburgh, WV - 25614",0.98,APA,4,8,True,4 / 8,104
C00141,LeisureCharm Inn,kttps://www.leisurecharminn.com,Hospitality,Hotels,"[Owner:P9495, Manager, Manager:P7e19, Employee:P0924, Employee:P0326, Employee:P253f, Employee:Pb425, Employee]",2083,Female,"Business: 32401 William Extensions , Susanport, CT - 06026",0.69,LCI,6,8,True,6 / 8,307
C00142,AcademyCampus Learn,kttp://www.academycampuslearn.com,Education,Technical / Trade School,"[Owner, Manager, Manager, Employee:Pe772, Employee:P066d, Employee, Employee, Employee]",2080,National,"Business: 1183 Jones Ridge, Lake Joseph, CT - 06242",0.53,ACL,2,8,True,2 / 8,490
C00143,Money Hub Digital,kttps://www.moneyhubdigital.com,Finance,Crypto,"[Owner, Manager, Manager, Employee, Employee:Pb868, Employee, Employee, Employee]",2096,Female,"Business: 21643 Tracy Trail , Hamiltonton, NM - 87797",0.6,MHD,1,8,True,1 / 8,268
C00144,Sound Arena,kttp://www.soundarena.com,Entertainment,Sports,"[Owner:P74b8, Manager, Manager:P8a7b, Employee, Employee, Employee, Employee, Employee]",2090,Male,"Business: 1321 Diana Estates , New Anthony, WI - 53396",0.44,SA,2,8,True,2 / 8,197
C00145,Academy Institution School,kttp://www.academyinstitutionschool.com,Education,Public 7-9,"[Owner:P78c9, Manager:P7748, Manager, Employee:Pbcf5, Employee, Employee, Employee:Pee5f, Employee]",2099,Male,"Business: 5517 Jill Coves , Toddton, OR - 97670",0.89,AIS,4,8,True,4 / 8,398
C00146,DeliciousEats Catering,kttp://www.deliciouseatscatering.com,Food and Beverage,Catering,"[Owner:Pb6a8, Manager:P1b4a, Manager:P35de, Employee, Employee:Pb083, Employee:P3d32, Employee:Pbf27, Employee]",2096,Local,"Business: 9797 Hill Creek, Jimmytown, NV - 89234",0.2,DEC,6,8,True,6 / 8,2
C00147,Health Med Heal,kttp://www.healthmedheal.com,Healthcare,Doctor,"[Owner, Manager, Manager, Employee, Employee:Pe20b, Employee:P5ac0, Employee:P522b, Employee:Pe445]",2098,Local,"Business: 120 Spencer Motorway, Johnberg, VT - 05222",0.13,HMH,4,8,True,4 / 8,0
C00148,Auto Shop,kttps://www.autoshop.com,Automotive,Mechanic,"[Owner:P589b, Manager:P1387, Manager:P3841, Employee:Pf45d, Employee, Employee:Pd7f1, Employee, Employee]",2099,Male,"Business: 4002 Brown Camp, East Patrick, VT - 05134",0.22,AS,5,8,True,5 / 8,96
C00149,Tour Charm Vacay,kttps://www.tourcharmvacay.com,Hospitality,Vacations,"[Owner, Manager:Pd93b, Manager:P8453, Employee:Pccd8, Employee, Employee, Employee, Employee:P2934]",2090,Male,"Business: 267 Samantha Rue , New Michaelmouth, MO - 64779",0.93,TCV,4,8,True,4 / 8,414
C00150,TechSync Community,kttps://www.techsynccommunity.com,Technology,Community,"[Owner:Peec6, Manager:Pb1d1, Manager:P1764, Employee:P6eb5, Employee:P9e27, Employee:P6227, Employee:P4fe1, Employee:P2193]",2084,Male,"Business: 515 Obrien Cliff, New Jacob, SD - 57264",0.18,TSC,8,8,False,8 / 8,87
C00151,CityWagon Suppliers,kttp://www.citywagonsuppliers.com,Automotive,Suppliers,"[Owner, Manager, Manager, Employee:P339b, Employee, Employee, Employee, Employee]",2088,Regional,"Business: 5561 Nancy Run, North Peterbury, WA - 98387",0.99,CWS,1,8,True,1 / 8,84
C00152,Med Care Fitness,kttps://www.medcarefitness.com,Healthcare,Fitness Center,"[Owner:P2337, Manager:Pfd2b, Manager:P61bd, Employee:P9f44, Employee:P9d4b, Employee, Employee:Pe468, Employee]",2098,Female,"Business: 21875 Allen Passage , North Elizabeth, CA - 91359",0.12,MCF,6,8,True,6 / 8,56
C00153,Art Chic Novels,kttps://www.artchicnovels.com,Entertainment,Books,"[Owner, Manager:P900d, Manager, Employee, Employee, Employee, Employee:Pd212, Employee]",2088,Male,"Business: 236 Shawn Gateway , Ballardton, SD - 57004",0.25,ACN,2,8,True,2 / 8,125
C00154,CityPath Travel Cars,kttp://www.citypathtravelcars.com,Automotive,Rental,"[Owner:Pa7a5, Manager:P934b, Manager:P44ab, Employee:P11e5, Employee:P9171, Employee:P8bdc, Employee:P327b, Employee:Paf39]",2097,National,"Business: 81 Green Knoll , Kennethhaven, UT - 84512",0.28,CPTC,8,8,False,8 / 8,264
C00155,School Institution Elementary,kttps://www.schoolinstitutionelementary.com,Education,Public K-6,"[Owner, Manager, Manager, Employee, Employee:P3c19, Employee:P9c66, Employee:Pe541, Employee:Pbad9]",2056,Female,"Business: 227 Tiffany Garden , Port Barryborough, IN - 47473",0.8,SIE,4,8,True,4 / 8,358
C00156,Commute Ways Courier,kttps://www.commutewayscourier.com,Transportation,Courier / Delivery,"[Owner, Manager, Manager:Pda11, Employee:P44a4, Employee, Employee:Pf230, Employee, Employee:P7647]",2097,National,"Business: 757 Michaela Mill , Bradyborough, SC - 29430",0.64,CWC,4,8,True,4 / 8,573
C00157,StayJourney Park,kttp://www.stayjourneypark.com,Hospitality,Theme Park,"[Owner:P633f, Manager, Manager:P4c45, Employee, Employee, Employee:P57b0, Employee, Employee]",2087,Male,"Business: 89803 Hall Roads, Port Elizabethchester, ME - 04236",0.89,SJP,3,8,True,3 / 8,392
C00158,GoPath Motors,kttps://www.gopathmotors.com,Automotive,Dealership,"[Owner, Manager, Manager, Employee, Employee, Employee:Pbcbd, Employee, Employee:P2815]",2098,Regional,"Business: 46466 Mccoy River, Gabriellashire, DC - 20026",0.59,GPM,2,8,True,2 / 8,56
C00159,RelaxCharm Retreat,kttp://www.relaxcharmretreat.com,Hospitality,Private House Rental,"[Owner, Manager, Manager:Peeda, Employee, Employee:P0a13, Employee, Employee, Employee]",2098,Regional,"Business: 4645 Gibson Mountain , Moonton, DC - 20008",0.53,RCR,2,8,True,2 / 8,48
C00160,Knowledge University,kttps://www.knowledgeuniversity.com,Education,University,"[Owner, Manager:Pc82e, Manager:P21e3, Employee:Pca8a, Employee:Pc76d, Employee:P5ac5, Employee:P4d5f, Employee]",2096,Regional,"Business: 2279 Richard Forges , West Tiffanyland, UT - 84132",0.51,KU,6,8,True,6 / 8,67
C00161,Bite Eats Treats,kttp://www.biteeatstreats.com,Food and Beverage,Desserts,"[Owner, Manager, Manager, Employee:P73b6, Employee, Employee:P9f0a, Employee, Employee]",1968,Regional,"Business: 93864 Vasquez Turnpike, West Mary, AK - 99548",0.52,BET,2,8,True,2 / 8,43
C00162,Money Edge Capital,kttp://www.moneyedgecapital.com,Finance,Investment Firm,"[Owner, Manager:Pea00, Manager:P7360, Employee:P6603, Employee:P24dc, Employee:P5920, Employee, Employee]",2098,Female,"Business: 33109 Michael Passage, Petersenborough, SD - 57370",0.5,MEC,5,8,True,5 / 8,215
C00163,Bite Dine Craft,kttps://www.bitedinecraft.com,Food and Beverage,Beverage Manufacture,"[Owner, Manager:Pa04c, Manager, Employee:P47a6, Employee:Pa283, Employee, Employee:P4b75, Employee]",2093,Local,"Business: 87 Harris Skyway, Lake Michael, VA - 24512",0.4,BDC,4,8,True,4 / 8,6
C00164,Speed R Us,kttps://www.speedrus.com,Automotive,Dealership,"[Owner:P5ea7, Manager, Manager, Employee, Employee, Employee:P3e61, Employee, Employee]",2058,Female,"Business: 1443 Kristin Mission, Aliciaside, ME - 04479",0.58,SRU,2,8,True,2 / 8,256
C00165,Educate Hub Academic,kttps://www.educatehubacademic.com,Education,College,"[Owner, Manager:P8ff2, Manager, Employee, Employee:P4e27, Employee:Pbbbd, Employee, Employee:P4136]",2070,Male,"Business: 6284 Erica Haven , Lake Leahton, CT - 06290",0.49,EHA,4,8,True,4 / 8,218
C00166,StudyPlace School,kttps://www.studyplaceschool.com,Education,Public K-6,"[Owner:P58c9, Manager, Manager, Employee:P5fdf, Employee, Employee, Employee, Employee:P208b]",2088,Local,"Business: 98 Johnston Groves , Lake Crystalport, CT - 06272",0.05,SPS,3,8,True,3 / 8,0
C00167,Speed Path Travel Cars,kttps://www.speedpathtravelcars.com,Automotive,Rental,"[Owner:Pf51b, Manager, Manager, Employee:P2ddf, Employee:Pc111, Employee, Employee, Employee]",1922,National,"Business: 12670 Jordan Inlet, Russellberg, IA - 51544",0.82,SPTC,3,8,True,3 / 8,745
C00168,WellCare Medical,kttps://www.wellcaremedical.com,Healthcare,Hospital,"[Owner, Manager:Pf5ec, Manager, Employee, Employee:P0fe0, Employee, Employee:Pf6fa, Employee]",2081,Female,"Business: 2788 Cochran Ridges, Rebeccaview, DC - 20017",0.51,WCM,3,8,True,3 / 8,228
C00169,DineroTech Mortgage,kttps://www.dinerotechmortgage.com,Finance,Loans / Mortgage Lender,"[Owner:Pdbf2, Manager, Manager:Pa879, Employee:P2d95, Employee, Employee, Employee:P8a28, Employee]",2099,Male,"Business: 44214 Jones Run, South Elizabethhaven, KY - 40061",0.71,DTM,4,8,True,4 / 8,330
C00170,Market Place Quick,kttp://www.marketplacequick.com,Retail,Convenience,"[Owner, Manager, Manager, Employee, Employee, Employee:P7769, Employee:P1966, Employee]",2096,Local,"Business: 35286 Hernandez Field, Kylebury, UT - 84054",0.25,MPQ,2,8,True,2 / 8,3
C00171,RelaxHaven Adventures,kttp://www.relaxhavenadventures.com,Hospitality,Other,"[Owner, Manager, Manager:Pc213, Employee:P8d67, Employee:Pd902, Employee:P357a, Employee:P6c79, Employee:Pdc77]",2077,Local,"Business: 6772 Gutierrez Land , Martinview, MA - 01152",0.2,RHA,6,8,True,6 / 8,3
C00172,Knowledge Hub Elementary School,kttps://www.knowledgehubelementaryschool.com,Education,Public K-6,"[Owner, Manager:P8f0a, Manager, Employee:Pd6c2, Employee, Employee, Employee, Employee]",2099,Male,"Business: 40250 Adams Well, Mcconnellville, NY - 12561",0.27,KHES,2,8,True,2 / 8,133
C00173,Code Ware Tech,kttp://www.codewaretech.com,Technology,Manufacturers,"[Owner:P84aa, Manager:P4d8f, Manager, Employee, Employee:Pd23b, Employee:Pd1ec, Employee, Employee]",2098,Local,"Business: 999 Jennifer Crescent, Christopherport, RI - 02906",0.94,CWT,4,8,True,4 / 8,14
C00174,Move Express Shipping,kttps://www.moveexpressshipping.com,Transportation,Courier / Delivery,"[Owner, Manager:P4eac, Manager:P9e74, Employee, Employee:P2160, Employee:P9341, Employee, Employee]",2046,Regional,"Business: 636 Evans Neck, Hansonland, MI - 48763",0.91,MES,4,8,True,4 / 8,71
C00175,Capital Capital,kttp://www.capitalcapital.com,Finance,Bank,"[Owner:Pc2a1, Manager, Manager:P15af, Employee, Employee:Pda12, Employee:Pa3a6, Employee:P8174, Employee:P5b3e]",2092,Female,"Business: 6945 Long Prairie, Rodriguezport, TN - 38468",0.97,CC,6,8,True,6 / 8,434
C00176,Move Express Taxi,kttp://www.moveexpresstaxi.com,Transportation,Ride Sharing / Taxi,"[Owner:P494a, Manager:P3cb0, Manager:P0aa1, Employee:P2b4a, Employee:P050d, Employee:P80ec, Employee:P564c, Employee:P687c]",2099,National,"Business: 606 Nelson Crossroad , Ginabury, IA - 50895",0.7,MET,8,8,False,8 / 8,626
C00177,Buy Mall Elite,kttp://www.buymallelite.com,Retail,High-End Fashion,"[Owner, Manager, Manager, Employee:Pa349, Employee:Pdde6, Employee, Employee, Employee]",2088,Male,"Business: 3162 Holly Islands , North Kelsey, WY - 83097",0.51,BME,2,8,True,2 / 8,236
C00178,Story Quest Insider,kttp://www.storyquestinsider.com,Entertainment,Fashion / Celebrity,"[Owner:P2ce6, Manager, Manager, Employee:P4498, Employee:P88af, Employee, Employee:P096e, Employee]",2099,National,"Business: 6995 Vincent Bypass, Campbellside, WA - 99107",0.52,SQI,4,8,True,4 / 8,462
C00179,Drive Path Autos,kttps://www.drivepathautos.com,Automotive,Dealership,"[Owner:P0ccb, Manager:P1f2d, Manager, Employee:P40bc, Employee:P967d, Employee:Pe5d3, Employee:Pb507, Employee]",2090,Male,"Business: 184 James Manors, South Jackview, AR - 72918",0.66,DPA,6,8,True,6 / 8,300
C00180,Feast Delight Treats,kttp://www.feastdelighttreats.com,Food and Beverage,Desserts,"[Owner, Manager:P4450, Manager, Employee:Pb505, Employee, Employee, Employee:P1c1b, Employee]",2084,Female,"Business: 70998 Tara Locks, New Courtney, AR - 72649",0.36,FDT,3,8,True,3 / 8,156
C00181,Star Beat Music,kttp://www.starbeatmusic.com,Entertainment,Music,"[Owner:P83e3, Manager:P4757, Manager, Employee:P92ac, Employee:Pef82, Employee:Pa7bc, Employee:P8e12, Employee:P600a]",2085,Local,"Business: 8490 Jordan Cove , Christinestad, TX - 78660",0.65,SBM,7,8,True,7 / 8,15
C00182,Leisure Getaway Explore,kttp://www.leisuregetawayexplore.com,Hospitality,Other,"[Owner:P15a1, Manager:Pa876, Manager:P17d7, Employee:P3169, Employee:Pb3c4, Employee:P28bd, Employee:Pa0c7, Employee:Pb1f7]",2050,Local,"Business: 26118 Mary Falls, Lake Matthew, DC - 20024",0.22,LGE,8,8,False,8 / 8,4
C00183,Stay Journey Rental,kttps://www.stayjourneyrental.com,Hospitality,Private House Rental,"[Owner:P50bb, Manager:P2056, Manager:P9b69, Employee, Employee:P7c36, Employee, Employee:Pa965, Employee:Peb66]",1926,Regional,"Business: 27501 Jennifer Shoals, West Laurenborough, KS - 66168",0.57,SJR,6,8,True,6 / 8,36
C00184,RelaxGetaway Fun,kttps://www.relaxgetawayfun.com,Hospitality,Theme Park,"[Owner, Manager, Manager, Employee:P4de0, Employee, Employee, Employee, Employee]",2096,National,"Business: 977 Bullock Manor, Fisherburgh, MS - 39601",0.14,RGF,1,8,True,1 / 8,132
C00185,Auto Trails Autos,kttps://www.autotrailsautos.com,Automotive,Dealership,"[Owner:P3955, Manager:Pbebc, Manager, Employee, Employee, Employee:P395e, Employee:P9be6, Employee:P9744]",2024,Local,"Business: 3333 Lindsey Corner , North Shawnachester, DE - 19767",0.52,ATA,5,8,True,5 / 8,9
C00186,CityWays Motors,kttps://www.citywaysmotors.com,Automotive,Dealership,"[Owner:P7ed8, Manager, Manager:Pa782, Employee:Pdac8, Employee, Employee, Employee, Employee]",2080,Regional,"Business: 765 Gates Square, South Andrew, MO - 65829",0.41,CWM,3,8,True,3 / 8,25
C00187,Relax Getaway Cruise,kttp://www.relaxgetawaycruise.com,Hospitality,Cruises,"[Owner, Manager, Manager:P4d66, Employee:P02a4, Employee:Pfbad, Employee:P4796, Employee, Employee:Pecc9]",2007,Male,"Business: 2098 Erickson Tunnel , Crystalside, VA - 22308",0.97,RGC,5,8,True,5 / 8,430
C00188,StarBeat Hobbies,kttp://www.starbeathobbies.com,Entertainment,Hobbies,"[Owner:P0bbb, Manager:Pd8d3, Manager, Employee, Employee, Employee:Pc861, Employee:P2f37, Employee:P1e18]",2099,National,"Business: 833 Perry Haven, Wrightport, UT - 84512",0.84,SBH,5,8,True,5 / 8,762
C00189,Art Quest Play,kttps://www.artquestplay.com,Entertainment,Gaming,"[Owner, Manager, Manager:P482d, Employee, Employee, Employee:P53e0, Employee, Employee:P1df3]",2091,Local,"Business: 208 Dawn Springs , Moodyfort, OR - 97875",0.31,AQP,3,8,True,3 / 8,5
C00190,Cyber ISP,kttps://www.cyberisp.com,Technology,Internet Service Providers,"[Owner, Manager:Pff5f, Manager, Employee, Employee, Employee, Employee:P54ed, Employee:P289f]",2092,Regional,"Business: 92435 Campbell Mill, Danielsborough, CT - 06190",0.73,CISP,3,8,True,3 / 8,82
C00191,Inno Solutions Produce,kttps://www.innosolutionsproduce.com,Technology,Manufacturers,"[Owner:P82b1, Manager:Pd9f6, Manager:Pd297, Employee:P6157, Employee:P948c, Employee:P697d, Employee:P178a, Employee:Pa561]",2098,Regional,"Business: 7701 Gallagher Dam , Christianborough, DE - 19715",0.55,ISP,8,8,False,8 / 8,19
C00192,Tech Solutions Community,kttp://www.techsolutionscommunity.com,Technology,Community,"[Owner, Manager:P2fb9, Manager, Employee, Employee:P5e45, Employee, Employee, Employee:Pe64c]",2069,Local,"Business: 704 Mitchell Creek , Markmouth, DE - 19779",0.72,TSC,3,8,True,3 / 8,11
C00193,SelectMall Cloth,kttp://www.selectmallcloth.com,Retail,Clothing,"[Owner, Manager, Manager:P8144, Employee:P8a58, Employee, Employee:P6cb7, Employee:Pe151, Employee]",2098,Female,"Business: 8023 Chelsea Estates, North James, CA - 95459",0.17,SMC,4,8,True,4 / 8,68
C00194,RelaxCharm Adventures,kttp://www.relaxcharmadventures.com,Hospitality,Other,"[Owner:Pc4b5, Manager, Manager:P7c57, Employee:P106c, Employee:P0543, Employee, Employee:P01e1, Employee:P7dd9]",2098,Local,"Business: 80926 Phillip Turnpike, West Mary, MS - 39202",0.06,RCA,6,8,True,6 / 8,0
C00195,Feast Dine Mobile,kttps://www.feastdinemobile.com,Food and Beverage,Food Truck,"[Owner:P0603, Manager:P7e4d, Manager, Employee:Pce15, Employee:P11b7, Employee:Ped55, Employee:P850a, Employee]",2097,Female,"Business: 3480 Ellison Summit, Lake Kaitlin, MD - 21921",0.83,FDM,6,8,True,6 / 8,371
C00196,Story Flicks Games,kttps://www.storyflicksgames.com,Entertainment,Gaming,"[Owner, Manager, Manager, Employee, Employee, Employee:P996c, Employee, Employee]",2096,Local,"Business: 72907 James Isle, Donaldmouth, GA - 30359",0.14,SFG,1,8,True,1 / 8,4
C00197,BiteDine Bistro,kttps://www.bitedinebistro.com,Food and Beverage,Restaurant,"[Owner:P2039, Manager, Manager, Employee, Employee, Employee, Employee, Employee]",2099,National,"Business: 801 Walter Squares, New Bobbyland, VT - 05347",0.26,BDB,1,8,True,1 / 8,242
C00198,StayGetaway World,kttp://www.staygetawayworld.com,Hospitality,Theme Park,"[Owner:Pc20d, Manager, Manager, Employee, Employee, Employee, Employee, Employee]",2088,Local,"Business: 689 Emily Plaza , South James, IA - 50964",0.78,SGW,1,8,True,1 / 8,10
C00199,Cruise Automotive,kttp://www.cruiseautomotive.com,Automotive,Suppliers,"[Owner:Paf4d, Manager, Manager, Employee, Employee:Pcdda, Employee:Pb07e, Employee:Pf680, Employee:Pf95e]",2098,Male,"Business: 6063 Margaret Walk , West Jonathan, LA - 70760",0.26,CA,5,8,True,5 / 8,96
C00200,Route Routes Nautical,kttp://www.routeroutesnautical.com,Transportation,Boat,"[Owner:Pb50d, Manager, Manager:P15d1, Employee, Employee:P99b6, Employee:P2546, Employee, Employee]",2095,Regional,"Business: 169 Victoria Fort , Port Stephanieborough, AK - 99797",0.05,RRN,4,8,True,4 / 8,5
