id,gender,first_name,middle_name,last_name,nickname,ssn,sexual_orientation,age,generation,date_of_birth,time_of_birth,date_of_death,hair_color,hair_type,eye_color,height,weight,blood_type_allele,mannerisms,positive_traits,neutral_traits,negative_traits,phone_number,email,passport,drivers_license,home,vehicle,bank_account,pet,marital_status,spouse,maiden_name,children,siblings,parent_a,parent_b,employer,role,patron_of,is_alive,parents,can_work,can_marry,is_working,age_group,full_name,name,title,gender_abbr,desired_gender,body_mass_index,format_weight,format_height,years_lived,blood_type
Pb48e,Female,Kathryn,Amy,Soto,,659-89-1144,Bisexual,41,2,2058-06-20,07:17 PM,,White,Frizzy,Hazel,68.5,131.3,ABDd,Quotes well-known literary works,"Accessible, Passionate, Generous",Stern,"Decadent, Calculating, Demanding",Cell: (983) 540-3071,Personal: ksoto@kmail.com,Passport: Q08166160 - Exp: May 2104,Driver's License: O66BVTW9 - Exp: Sep 2101,"Home: 6928 Pollard Squares - Apt. 929, Port Edward, NJ - 08959",Orange 2006 Ford Ranger Super Cab - Pickup - LZY 341,"Bank Account (032811418): $5,289.62",,Single,,,[],"[Pf76c, P03e6]",Evelyn Lacey Soto (2039 -  ),Stephanie Amanda Soto (2035 - 2099),,Unemployed,"[Drive Parts (2099) - Automotive: Suppliers, Star Beat Journal (2098) - Entertainment: Journalism]",True,Evelyn Soto and Stephany Soto,True,True,False,Middle Age,Kathryn Amy Soto,Kathryn Soto,Ms.,F,Male,19.7,131 lbs,"5' 8""",2058 -  ,AB+
Pf76c,Male,Andrew,,Soto,,283-91-9626,Heterosexual,58,2,2040-09-16,07:49 AM,2099-05-20,Black,Spiky,Brown,75.6,185.6,AADd,Paces back and forth,"Sage, Humorous, Reverential",Businesslike,"Narrow, High-handed, Compulsive",Cell: (227) 805-9860,Personal: asoto40@hokmail.com,Passport: K03587248 - Exp: Nov 2102,Driver's License: S23LSBM3 - Exp: Feb 2098,"Home: 3749 Hall Wall - Suite 131, Conradfort, NJ - 07573",,"Bank Account (724519808): $2,812.85","Animal(name='Kylie', animal_type='Dog', breed='Sloughi', age=8, gender='Female')",Single,,,[],"[Pb48e, P03e6]",Evelyn Lacey Soto (2039 -  ),Stephanie Amanda Soto (2035 - 2099),SelectPlace Trade (2099) - Retail: Wholesale,Employee: General,"[Taste Bite Beverage (2098) - Food and Beverage: Beverage Manufacture, SelectPlace Trade (2099) - Retail: Wholesale, EducateCenter School (2095) - Education: Public K-6]",False,Evelyn Soto and Stephany Soto,True,True,True,Middle Age (Deceased),Andrew Soto,Andrew Soto,Mr.,M,Female,22.8,186 lbs,"6' 4""",2040 - 2099,A+
P03e6,Male,Michael,Adrian,Soto,,840-09-5772,Heterosexual,53,2,2046-01-22,02:32 AM,2100-01-01,Black,Unkempt,Blue,71.2,166.8,ABDd,Wears a cravat,"Prudent, Compassionate, Sage",Self-conscious,"Zany, Sloppy, Extravagant",Cell: (788) 525-2620,Personal: msoto626@kcloud.com,Passport: M19758612 - Exp: Jul 2108,Driver's License: W58BIVX4 - Exp: Oct 2098,"Home: 204 Christopher Flats, West Nathanland, NJ - 07623",,"Bank Account (650322897): $25,974.33","Animal(name='Tigger', animal_type='Cat', breed='Thai Lilac', age=0, gender='Male')",Single,,,[],"[Pb48e, Pf76c]",Evelyn Lacey Soto (2039 -  ),Stephanie Amanda Soto (2035 - 2099),AutoPath Rentals (2062) - Automotive: Rental,Employee: General,"[SelectPlace Trade (2099) - Retail: Wholesale, EducateCenter School (2095) - Education: Public K-6]",False,Evelyn Soto and Stephany Soto,True,True,True,Middle Age (Deceased),Michael Adrian Soto,Michael Soto,Mr.,M,Female,23.1,167 lbs,"5' 11""",2046 - 2100,AB+
P0a03,Male,Ricardo,,Malone,Ricky,774-16-3450,Bisexual,39,2,2060-12-08,12:35 AM,,Black,Flowing,Blue,69.0,179.5,AADd,Compulsively scratches nose,"Perfectionist, Self-critical, Nonauthoritarian",Earthy,"Apathetic, Disputatious, Easily Discouraged",Cell: (684) 851-2468,Personal: rmalone671@yakoo.com,Passport: E66709618 - Exp: Nov 2104,Driver's License: A23DPNF1 - Exp: Aug 2103,"Home: 867 Melissa Hollow - Suite 508, Lake Kylemouth, NJ - 07492",Gold 1994 Dodge Dakota Regular Cab - Pickup - 75-S003,"Bank Account (645357295): $19,367.78",,Single,,,[],"[Pe012, P2d61]",Tracey Maria Malone (2031 - 2100),Daniel John Malone (2032 -  ),A Taste of Delight Food (2098) - Food and Beverage: Food Truck,Manager: General,"[SelectPlace Trade (2099) - Retail: Wholesale, EducateCenter School (2095) - Education: Public K-6]",True,Tracey Malone and Johnny Malone,True,True,True,Late Young Adult,Ricardo Malone,Ricky Malone,Mr.,M,Female,26.5,180 lbs,"5' 9""",2060 -  ,A+
Pe012,Male,John,Roy,Malone,,192-23-4681,Heterosexual,48,2,2051-09-13,07:07 PM,2100-01-01,Black,Straight,Brown,66.4,206.3,AADd,Wears bright red lipstick,"Principled, Reverential, Humble",Chummy,"Prejudiced, Gloomy, Condemnatory",Cell: (567) 247-4083,Personal: johnmalone913@outkook.com,Passport: J25854418 - Exp: Sep 2101,Driver's License: Q00XVNZ6 - Exp: Jan 2104,"Home: 72327 Derek Stravenue - Suite 615, West Nicoleview, NJ - 07245",Silver 2011 Acura MDX - SUV - 891 6227,"Bank Account (166057189): $13,842.97",,Single,,,[],"[P0a03, P2d61]",Tracey Maria Malone (2031 - 2100),Daniel John Malone (2032 -  ),Invest Wise Invest (2093) - Finance: Investment Firm,Employee: General,"[Sound Quest Music (2099) - Entertainment: Music, Style Quest Press (2089) - Entertainment: Journalism, Market Store Quick (2092) - Retail: Convenience, SelectPlace Trade (2099) - Retail: Wholesale]",False,Tracey Malone and Johnny Malone,True,True,True,Middle Age (Deceased),John Roy Malone,John Malone,Mr.,M,Female,32.9,206 lbs,"5' 6""",2051 - 2100,A+
P2d61,Male,Angel,Joseph,Malone,,332-84-2768,Heterosexual,41,2,2058-04-14,01:48 AM,,Black,Unkempt,Brown,76.6,200.2,AADd,Points out when a song is off-key,"Disciplined, Humorous, Warm",Unpatriotic,"Meddlesome, Disrespectful, Dependent",Cell: (151) 345-7922,Personal: angelmalone749@yakoo.com,Passport: J66921638 - Exp: Sep 2104,Driver's License: U95AFJK9 - Exp: Sep 2102,"Home: 76438 Castro Well - Suite 990, North Michaelland, NJ - 07443",Blue 2003 Acura RL - Sedan - ZWE 849,"Bank Account (665519981): $25,635.51","Animal(name='Chloe', animal_type='Cat', breed='Ocicat', age=9, gender='Male')",Single,,,[],"[P0a03, Pe012]",Tracey Maria Malone (2031 - 2100),Daniel John Malone (2032 -  ),AutoPath Rentals (2062) - Automotive: Rental,Employee: General,"[Taste Bite Beverage (2098) - Food and Beverage: Beverage Manufacture, SelectPlace Trade (2099) - Retail: Wholesale, EducateCenter School (2095) - Education: Public K-6]",True,Tracey Malone and Johnny Malone,True,True,True,Middle Age,Angel Joseph Malone,Angel Malone,Mr.,M,Female,24.0,200 lbs,"6' 5""",2058 -  ,A+
P4f01,Female,Michelle,,Holland,Shely,016-65-6043,Heterosexual,56,2,2043-12-05,06:18 PM,,Blonde,Flowing,Brown,67.5,137.8,BAdD,Raises eyebrow often while others are talking,"Hardworking, Charming, Multi-leveled",Unpatriotic,"Discontented, Incurious, Sadistic",Cell: (607) 506-1751,Personal: mholland@hokmail.com,Passport: A79881984 - Exp: Oct 2105,Driver's License: W05JKCM6 - Exp: Jun 2098,"Home: 2785 Michael Drive - Suite 754, Russellland, NJ - 08736",White 1993 Dodge Stealth - Hatchback - AMH N21,"Bank Account (733580653): $4,863.29",,Married,Damon Gary Gonzalez (2047 - 2100),,"[P004d, P2eb6]",[P57bb],Barry Holland (2029 -  ),Michael Holland (2027 - 2098),Sound Quest Music (2099) - Entertainment: Music,Employee: General,"[Invest Wise Invest (2093) - Finance: Investment Firm, Star Beat Journal (2098) - Entertainment: Journalism, Style Quest Press (2089) - Entertainment: Journalism]",True,Barry Holland and Micky Holland,True,True,True,Middle Age,Michelle Holland,Shely Holland,Mrs.,F,Male,21.3,138 lbs,"5' 8""",2043 -  ,B+
P57bb,Male,Christopher,Christopher,Holland,,066-27-6106,Heterosexual,43,2,2056-08-03,09:09 PM,,Black,Curly,Hazel,71.9,158.3,AAdD,Wears mismatched clothing,"Hearty, Warm, Sane",Unaggressive,"Criminal, Discourteous, Opinionated",Cell: (914) 677-7385,Personal: christopherholland56@kmail.com,Passport: Q93598419 - Exp: Jun 2106,Driver's License: A84EWBV4 - Exp: Aug 2105,"Home: 3147 David Ridge - Suite 133, Brittanybury, NJ - 07482",Silver 2000 Nissan Altima - Sedan - 824-DJX,"Bank Account (336646189): $11,050.47","Animal(name='Ziggy', animal_type='Cat', breed='Dwarf cat', age=10, gender='Male')",Married,Pamela Robin Holland (2054 - 2099),,"[Pb6a8, P7b1b]",[P4f01],Barry Holland (2029 -  ),Michael Holland (2027 - 2098),FeastSip Bread (2099) - Food and Beverage: Bakery,Manager: General,"[Style Quest Press (2089) - Entertainment: Journalism, SelectPlace Trade (2099) - Retail: Wholesale]",True,Barry Holland and Micky Holland,True,True,True,Middle Age,Christopher Christopher Holland,Christopher Holland,Mr.,M,Female,21.5,158 lbs,"6' 0""",2056 -  ,A+
Pb2b2,Male,Richard,David,Marshall,,226-52-7293,Heterosexual,55,2,2044-09-30,02:49 AM,,Black,Spiky,Brown,73.2,194.0,OODd,Wears a scarf often,"Gallant, Thorough, Empathetic",Stubborn,"Escapist, One-dimensional, Grim",Cell: (817) 475-8528,Personal: richardmarshall44@outkook.com,Passport: P40199352 - Exp: Feb 2101,Driver's License: Y84RAFT5 - Exp: Apr 2100,"Home: 292 Walker Brooks, Marcusfort, NJ - 08265",Brown 2016 MAZDA MAZDA6 - Sedan - XEB 025,"Bank Account (841090410): $18,273.57","Animal(name='Peanut', animal_type='Cat', breed='Siamese', age=13, gender='Female')",Single,,,[],[Pcc19],Janet Marshall (2036 - 2100),Alyssa Marshall (2039 -  ),Drive Parts (2099) - Automotive: Suppliers,Owner: General,"[Market Store Quick (2092) - Retail: Convenience, SelectPlace Trade (2099) - Retail: Wholesale]",True,Jessie Marshall and Lissia Marshall,True,True,True,Middle Age,Richard David Marshall,Richard Marshall,Mr.,M,Female,25.5,194 lbs,"6' 1""",2044 -  ,O+
Pcc19,Male,Brendan,,Marshall,,263-71-1084,Homosexual,48,2,2051-11-04,07:07 PM,2100-01-01,Blonde,Flowing,Blue,72.8,195.3,BBDD,Whispers into another's ear often,"Athletic, Empathetic, Protean",Progressive,"Cold, Sly, Thoughtless",Cell: (206) 788-9917,Personal: marshall758@kmail.com,Passport: P34676957 - Exp: Feb 2107,Driver's License: W54LYGA6 - Exp: Sep 2103,"Home: 206 Mark Light - Suite 473, Madelineborough, NJ - 07540",Silver 2017 Toyota 4Runner - SUV - 6F 32395,"Bank Account (811561815): $29,287.06","Animal(name='Dory', animal_type='Fish', breed='Tiger Barb', age=2, gender='Female')",Married,Bill Peter Marshall (2043 -  ),,[Pf0a2],[Pb2b2],Janet Marshall (2036 - 2100),Alyssa Marshall (2039 -  ),Style Quest Press (2089) - Entertainment: Journalism,Owner: General,"[Style Quest Press (2089) - Entertainment: Journalism, SelectPlace Trade (2099) - Retail: Wholesale, EducateCenter School (2095) - Education: Public K-6]",False,Jessie Marshall and Lissia Marshall,True,True,True,Middle Age (Deceased),Brendan Marshall,Brendan Marshall,Mr.,M,Male,25.9,195 lbs,"6' 1""",2051 - 2100,B+
Pdc66,Female,Patricia,Carmen,Johnson,Patsy,331-30-3198,Heterosexual,51,2,2048-05-27,04:21 PM,,Brown,Frizzy,Brown,64.6,137.9,BBDd,Talks loudly,"Maticulous, Energetic, Uncomplaining",Unaggressive,"Demanding, Expedient, Sadistic",Cell: (751) 725-9983,Personal: patriciajohnson527@kmail.com,Passport: Y23653034 - Exp: Dec 2102,Driver's License: B20APWX5 - Exp: Oct 2103,"Home: 2262 Young River, Port Jessicaton, NJ - 08401",Gray 1998 Ford Expedition - SUV - 170-IAM,"Bank Account (750502752): $22,687.95",,Single,,,[],"[P2cbb, Pfd3c, P0403, Pc435]",Heather Johnson (2039 - 2078),Jeffrey Dustin Johnson (2021 -  ),SelectPlace Trade (2099) - Retail: Wholesale,Employee: General,"[Drive Parts (2099) - Automotive: Suppliers, Star Beat Journal (2098) - Entertainment: Journalism, Style Quest Press (2089) - Entertainment: Journalism]",True,Heather Johnson and Jeffrey Johnson,True,True,True,Middle Age,Patricia Carmen Johnson,Patsy Johnson,Ms.,F,Male,23.2,138 lbs,"5' 5""",2048 -  ,B+
P2cbb,Male,William,,Johnson,,277-03-2440,Heterosexual,42,2,2057-05-10,10:34 AM,,Black,Unkempt,Green,72.4,184.5,BADd,"Never says ""please"" or ""thank you""","Studious, Challenging, Empathetic",Undemanding,"Silly, Anxious, Trendy",Cell: (773) 277-6553,Personal: wjohnson642@kmail.com,Passport: P32230260 - Exp: Apr 2108,Driver's License: X45PGDG4 - Exp: Apr 2102,"Home: 2173 Glenda Plain - Suite 574, North Amandaville, NJ - 07093",White 2010 Dodge Challenger - Coupe - 40-56519,"Bank Account (926162935): $15,940.70",,Married,Crystal Deborah Williams (2041 -  ),,"[Pa97d, P2851, P137a]","[Pdc66, Pfd3c, P0403, Pc435]",Heather Johnson (2039 - 2078),Jeffrey Dustin Johnson (2021 -  ),Bite Delight Mobile (2092) - Food and Beverage: Food Truck,Employee: General,"[SelectPlace Trade (2099) - Retail: Wholesale, EducateCenter School (2095) - Education: Public K-6]",True,Heather Johnson and Jeffrey Johnson,True,True,True,Middle Age,William Johnson,William Johnson,Mr.,M,Female,24.7,184 lbs,"6' 0""",2057 -  ,B+
Pfd3c,Female,Melissa,,Johnson,Mel,541-29-1941,Heterosexual,54,2,2045-05-27,06:15 AM,,Black,Flowing,Brown,69.8,144.7,BADd,Picks at cuticles and skin around the fingernails,"Genuine, Discreet, Relaxed",Proud,"Graceless, Irrational, Zany",Cell: (606) 677-7593,Personal: melissajohnson@kmail.com,Passport: M98748520 - Exp: Nov 2104,Driver's License: Z11XQDP9 - Exp: Oct 2106,"Home: 90484 Nolan Parks - Apt. 386, Port Grace, NJ - 08957",Orange 2008 Volvo C70 - Convertible - 6MP79,"Bank Account (031994878): $9,979.19",,Single,,,[],"[Pdc66, P2cbb, P0403, Pc435]",Heather Johnson (2039 - 2078),Jeffrey Dustin Johnson (2021 -  ),Sound Quest Music (2099) - Entertainment: Music,Employee: General,"[Drive Parts (2099) - Automotive: Suppliers, FeastSip Bread (2099) - Food and Beverage: Bakery, Star Beat Journal (2098) - Entertainment: Journalism, Style Quest Press (2089) - Entertainment: Journalism]",True,Heather Johnson and Jeffrey Johnson,True,True,True,Middle Age,Melissa Johnson,Mel Johnson,Ms.,F,Male,20.9,145 lbs,"5' 10""",2045 -  ,B+
P0403,Female,Jennifer,Carmen,Torres,,133-69-9237,Homosexual,52,2,2047-02-26,08:36 AM,2100-01-01,Black,Spiky,Brown,67.7,149.0,BBDd,Stands with feet together,"Maticulous, Studious, Felicific",Familial,"Neglectful, Greedy, Arrogantt",Cell: (859) 957-6823,Personal: johnson819@kmail.com,Passport: F46335671 - Exp: Sep 2101,Driver's License: V37KKTY9 - Exp: Aug 2103,"Home: 16371 Johnson Loaf - Suite 478, New Vickie, NJ - 08302","Black 2007 BMW 3 Series - Coupe, Sedan, Convertible, Wagon - 380-EEQ","Bank Account (242026721): $15,816.64","Animal(name='Nala', animal_type='Cat', breed='Khao Manee', age=1, gender='Female')",Married,Sara Amanda Torres (2055 -  ),Johnson,"[P9441, P1d2f]","[Pdc66, P2cbb, Pfd3c, Pc435]",Heather Johnson (2039 - 2078),Jeffrey Dustin Johnson (2021 -  ),Bite Delight Mobile (2092) - Food and Beverage: Food Truck,Manager: General,"[Sound Quest Music (2099) - Entertainment: Music, Star Beat Journal (2098) - Entertainment: Journalism]",False,Heather Johnson and Jeffrey Johnson,True,True,True,Middle Age (Deceased),Jennifer Carmen Torres,Jennifer Torres,Mrs.,F,Female,22.9,149 lbs,"5' 8""",2047 - 2100,B+
Pc435,Female,Cynthia,,Johnson,,118-33-9107,Heterosexual,55,2,2044-03-28,05:22 PM,,Blonde,Wavy,Blue,70.1,135.1,BBDd,Moves quickly from one task to another,"Responsible, Creative, Alert",Iconoclastic,"Prim, Melancholic, Mannerless",Cell: (626) 412-0439,Personal: cjohnson44@free.net,Passport: L91343462 - Exp: Aug 2101,Driver's License: P45XDEL4 - Exp: Dec 2100,"Home: 80397 Smith Causeway - Suite 344, Port Cindybury, NJ - 07389",Gray 2008 Volkswagen Rabbit - Hatchback - OSC 438,"Bank Account (113125428): $20,432.83",,Single,,,[],"[Pdc66, P2cbb, Pfd3c, P0403]",Heather Johnson (2039 - 2078),Jeffrey Dustin Johnson (2021 -  ),Drive Parts (2099) - Automotive: Suppliers,Employee: General,"[AutoPath Rentals (2062) - Automotive: Rental, Drive Parts (2099) - Automotive: Suppliers, FeastSip Bread (2099) - Food and Beverage: Bakery, Star Beat Journal (2098) - Entertainment: Journalism]",True,Heather Johnson and Jeffrey Johnson,True,True,True,Middle Age,Cynthia Johnson,Cynthia Johnson,Ms.,F,Male,19.3,135 lbs,"5' 10""",2044 -  ,B+
P8185,Male,Anthony,Alex,Sharp,Al,384-86-1386,Heterosexual,56,2,2043-09-26,11:54 PM,2100-01-01,Blonde,Curly,Amber,57.2,147.9,BOdd,Speaks softly,"Rational, Educated, Sentimental",Impersonal,"Crazy, Sadistic, Prim",Cell: (682) 587-5027,Personal: asharp43@kmail.com,Passport: T42735719 - Exp: Oct 2101,Driver's License: M99CZIK2 - Exp: Jul 2106,"Home: 5469 Jones Ville, Port Linda, NJ - 08166",Black 2009 Saab 9-7X - SUV - 870 QHI,"Bank Account (532011297): $22,066.93","Animal(name='Angel', animal_type='Cat', breed='British Longhair', age=9, gender='Female')",Single,,,[],[Pfbbf],Deanna Cheryl Sharp (2040 -  ),Jasmine Michelle Sharp (2022 - 2100),,Unemployed,"[Style Quest Press (2089) - Entertainment: Journalism, SelectPlace Trade (2099) - Retail: Wholesale, EducateCenter School (2095) - Education: Public K-6]",False,Cher Sharp and Mickey Sharp,True,True,False,Middle Age (Deceased),Anthony Alex Sharp,Al Sharp,Mr.,M,Female,31.8,148 lbs,"4' 9""",2043 - 2100,B-
Pfbbf,Female,Denise,Samantha,Bradley,,129-02-6273,Heterosexual,47,2,2052-11-27,09:20 PM,,Brown,Wavy,Hazel,57.6,133.5,BBDd,Wears clothing with stains,"Gallant, Companionly, Leisurely",Political,"Ridiculous, Distractible, Criminal",Cell: (835) 240-8814,Personal: dsharp@kmail.com,Passport: I53431698 - Exp: Jul 2101,Driver's License: D11DFBT4 - Exp: Jul 2098,"Home: 7147 Jennifer Ports, Rojasmouth, NJ - 08951",,"Bank Account (017510365): $14,794.77","Animal(name='Mia', animal_type='Cat', breed='Lykoi', age=1, gender='Female')",Married,David Robert Bradley (2048 -  ),Sharp,"[P42fb, P4070, P6c3a]",[P8185],Deanna Cheryl Sharp (2040 -  ),Jasmine Michelle Sharp (2022 - 2100),Sound Quest Music (2099) - Entertainment: Music,Employee: General,"[Drive Parts (2099) - Automotive: Suppliers, FeastSip Bread (2099) - Food and Beverage: Bakery]",True,Cher Sharp and Mickey Sharp,True,True,True,Middle Age,Denise Samantha Bradley,Denise Bradley,Mrs.,F,Male,28.3,134 lbs,"4' 10""",2052 -  ,B+
P5075,Male,Donald,Bradley,Johnson,,861-82-8339,Homosexual,49,2,2050-07-08,04:48 PM,,Black,Straight,Blue,67.8,159.4,ABdd,Scrambles around frantically,"Maticulous, Felicific, Teacherly",Stylish,"Disorganized, Frivolous, Dogmatic",Cell: (542) 488-6308,Personal: djohnson50@kmail.com,Passport: N85611200 - Exp: Oct 2106,Driver's License: U78IJQX5 - Exp: Mar 2104,"Home: 537 Danielle Club, Lake Jennifer, NJ - 07703",Gray 2005 Pontiac G6 - Sedan - 493KFF,"Bank Account (984364640): $13,707.88",,Single,,,[],"[Pa212, P755f]",Michelle Meghan Johnson (2040 -  ),Gregory David Johnson (2023 -  ),,Unemployed,"[Sound Quest Music (2099) - Entertainment: Music, Style Quest Press (2089) - Entertainment: Journalism, Market Store Quick (2092) - Retail: Convenience, SelectPlace Trade (2099) - Retail: Wholesale, EducateCenter School (2095) - Education: Public K-6]",True,Shelley Johnson and Day Johnson,True,True,False,Middle Age,Donald Bradley Johnson,Donald Johnson,Mr.,M,Male,24.4,159 lbs,"5' 8""",2050 -  ,AB-
Pa212,Male,David,Calvin,Johnson,,051-98-6423,Bisexual,59,2,2040-03-01,12:54 PM,2100-01-01,Blonde,Touseled,Blue,68.4,213.0,AAdd,Rests head in hands,"Well-bred, Humble, Invulnerable",Irreligious,"Mechanical, Dishonest, Paranoid",Cell: (619) 209-6209,Personal: djohnson40@yakoo.com,Passport: R30042772 - Exp: Jul 2108,Driver's License: E87ZWZW9 - Exp: Jun 2104,"Home: 4495 Jensen Turnpike, New Michelle, NJ - 07498",Gray 2014 Toyota Venza - Wagon - 3-65760,"Bank Account (937539421): $4,689.72",,Single,,,[],"[P5075, P755f]",Michelle Meghan Johnson (2040 -  ),Gregory David Johnson (2023 -  ),Invest Wise Invest (2093) - Finance: Investment Firm,Owner: General,"[Style Quest Press (2089) - Entertainment: Journalism, SelectPlace Trade (2099) - Retail: Wholesale]",False,Shelley Johnson and Day Johnson,True,True,True,Middle Age (Deceased),David Calvin Johnson,David Johnson,Mr.,M,Female,32.0,213 lbs,"5' 8""",2040 - 2100,A-
P755f,Male,Daniel,Nicholas,Johnson,Nickie,646-04-7871,Heterosexual,45,2,2054-05-13,02:34 AM,,Black,Curly,Brown,65.6,186.4,AAdd,Foot kicking slightly,"Magnanimous, Solid, Enthusiastic",Casual,"Unimpressive, Obsessive, Faithless",Cell: (848) 921-2980,Personal: danieljohnson@kmail.com,Passport: I57431093 - Exp: Apr 2107,Driver's License: X28VRRE7 - Exp: Sep 2106,"Home: 747 Rebecca Harbor, Juliechester, NJ - 08936",White 2008 Ford Edge - SUV - 6Q 6937U,"Bank Account (249068812): $16,352.07",,Single,,,[],"[P5075, Pa212]",Michelle Meghan Johnson (2040 -  ),Gregory David Johnson (2023 -  ),Style Quest Press (2089) - Entertainment: Journalism,Employee: General,"[Taste Bite Beverage (2098) - Food and Beverage: Beverage Manufacture, Sound Quest Music (2099) - Entertainment: Music, Style Quest Press (2089) - Entertainment: Journalism, SelectPlace Trade (2099) - Retail: Wholesale, EducateCenter School (2095) - Education: Public K-6]",True,Shelley Johnson and Day Johnson,True,True,True,Middle Age,Daniel Nicholas Johnson,Nickie Johnson,Mr.,M,Female,30.5,186 lbs,"5' 6""",2054 -  ,A-
P6b39,Female,Zoe,Anna,Silva,Anne,359-58-8296,Homosexual,57,2,2042-06-04,11:28 AM,,Blonde,Unkempt,Hazel,66.3,126.4,BAdd,Stands with feet together,"Idealistic, Dramatic, Courteous",Invisible,"Arbitrary, Hidebound, Unrealistic",Cell: (304) 921-6379,Personal: zsilva@kmail.com,Passport: Z54591911 - Exp: Apr 2105,Driver's License: Q06TADT2 - Exp: Feb 2101,"Home: 26584 William Fields, New Kyleview, NJ - 07208",,"Bank Account (713532217): $12,789.88","Animal(name='Rocky', animal_type='Cat', breed='Japanese Bobtail', age=4, gender='Female')",Single,,,[],"[P3331, Pb7d7]",John Billy Silva (2036 - 2100),Tammy Pamela Silva (2020 - 2071),FeastSip Bread (2099) - Food and Beverage: Bakery,Employee: General,"[FeastSip Bread (2099) - Food and Beverage: Bakery, Style Quest Press (2089) - Entertainment: Journalism]",True,Jon Silva and Tammy Silva,True,True,True,Middle Age,Zoe Anna Silva,Anne Silva,Ms.,F,Female,20.2,126 lbs,"5' 6""",2042 -  ,B-
P3331,Female,Emily,Brandi,Silva,Emmy,488-79-7310,Heterosexual,42,2,2057-07-08,06:15 AM,2100-01-01,Black,Straight,Brown,69.5,156.8,BADd,Foot kicking slightly,"Helpful, Tasteful, Realistic",Neutral,"Bizarre, Devious, Unlovable",Cell: (279) 190-4696,Personal: emilysilva57@kmail.com,Passport: H56639474 - Exp: Aug 2109,Driver's License: A06PXBH0 - Exp: Sep 2106,"Home: 828 Miller Station - Suite 216, Dicksonshire, NJ - 07579",Red 1996 Mercury Villager - Van/Minivan - GCH O26,"Bank Account (147759022): $15,088.68","Animal(name='Skittles', animal_type='Bird', breed=""Fischer's Lovebird"", age=14, gender='Male')",Single,,,[],"[P6b39, Pb7d7]",John Billy Silva (2036 - 2100),Tammy Pamela Silva (2020 - 2071),EducatePlace Center (2045) - Education: Community College,Manager: General,"[AutoPath Rentals (2062) - Automotive: Rental, Sound Quest Music (2099) - Entertainment: Music, Star Beat Journal (2098) - Entertainment: Journalism, Style Quest Press (2089) - Entertainment: Journalism]",False,Jon Silva and Tammy Silva,True,True,True,Middle Age (Deceased),Emily Brandi Silva,Emmy Silva,Ms.,F,Male,22.8,157 lbs,"5' 10""",2057 - 2100,B+
Pb7d7,Female,Christine,Elizabeth,Silva,,238-93-8682,Heterosexual,49,2,2050-09-16,10:05 AM,,Brown,Curly,Blue,59.7,140.1,BADd,Wears a cravat,"Self-sufficent, Personable, Popular",Ordinary,"Devious, Superficial, High-handed",Cell: (933) 889-4803,Personal: csilva18@kmail.com,Passport: N99600903 - Exp: Jun 2107,Driver's License: Z74RXOJ1 - Exp: May 2103,"Home: 521 Miller Vista, East Aaronburgh, NJ - 08352",Black 2011 Mitsubishi Outlander - SUV - 800-EMD,"Bank Account (475087004): $15,765.60","Animal(name='Mocha', animal_type='Cat', breed='Devon Rex', age=8, gender='Male')",Married,Samuel Mitchell Marshall (2056 -  ),,[P5482],"[P6b39, P3331]",John Billy Silva (2036 - 2100),Tammy Pamela Silva (2020 - 2071),Zoom Dealer (2090) - Automotive: Dealership,Employee: General,"[Invest Wise Invest (2093) - Finance: Investment Firm, Star Beat Journal (2098) - Entertainment: Journalism, Style Quest Press (2089) - Entertainment: Journalism]",True,Jon Silva and Tammy Silva,True,True,True,Middle Age,Christine Elizabeth Silva,Christine Silva,Mrs.,F,Male,27.6,140 lbs,"5' 0""",2050 -  ,B+
P527b,Female,Diane,Dawn,Blevins,,414-02-8293,Heterosexual,50,2,2048-07-08,09:44 AM,2099-03-12,Brown,Curly,Brown,66.5,158.5,AADD,Eyes that dart around a lot,"Magnanimous, Incorruptible, Self-defacing",Impersonal,"Intolerant, Impulsive, Clumsy",Cell: (835) 626-1284,Personal: blevins803@hokmail.com,Passport: H62105722 - Exp: Nov 2100,Driver's License: X13IUBL2 - Exp: Feb 2099,"Home: 544 Silva Center - Apt. 150, Johnland, NJ - 08840",White 2018 Chevrolet Express 2500 Cargo - Van/Minivan - C00 0CI,"Bank Account (455454808): $7,120.00",,Single,,,[],[P185b],Amanda Blevins (2024 -  ),Scott Hoover (2032 - 2100),Zoom Dealer (2090) - Automotive: Dealership,Employee: General,[],False,Mandy Blevins and Scott Hoover,True,True,True,Middle Age (Deceased),Diane Dawn Blevins,Diane Blevins,Ms.,F,Male,25.2,158 lbs,"5' 6""",2048 - 2099,A+
P185b,Male,Bill,Peter,Marshall,Willie,628-19-3706,Homosexual,56,2,2043-12-27,07:07 AM,,Brown,Flowing,Hazel,68.1,201.1,AAdD,Pauses while speaking a lot,"Leisurely, Upright, Invulnerable",Modern,"Charmless, Irascible, Insincere",Cell: (261) 969-4905,Personal: billblevins1227@yakoo.com,Passport: O07731224 - Exp: Aug 2107,Driver's License: L88APID6 - Exp: Jul 2101,"Home: 206 Mark Light - Suite 473, Madelineborough, NJ - 07540",,"Bank Account (027307551): $25,251.60","Animal(name='Sprout', animal_type='Amphibian', breed=""Budgett's Frog"", age=2, gender='Male')",Married,Brendan Marshall (2051 - 2100),Blevins,[Pf0a2],[P527b],Amanda Blevins (2024 -  ),Scott Hoover (2032 - 2100),Taste Bite Beverage (2098) - Food and Beverage: Beverage Manufacture,Manager: General,"[Style Quest Press (2089) - Entertainment: Journalism, Market Store Quick (2092) - Retail: Convenience, SelectPlace Trade (2099) - Retail: Wholesale]",True,Mandy Blevins and Scott Hoover,True,True,True,Middle Age,Bill Peter Marshall,Willie Marshall,Mr.,M,Male,30.5,201 lbs,"5' 8""",2043 -  ,A+
P8bf9,Female,Julie,,Smith,,149-58-6151,Heterosexual,41,2,2058-08-28,08:37 PM,,Black,Touseled,Brown,66.5,148.1,BBdD,Doodles absentmindedly,"Flexible, Systematic, Independent",Soft,"Calculating, Greedy, Vindictive",Cell: (249) 151-3713,Personal: jsmith58@kmail.com,Passport: E53586994 - Exp: Jul 2105,Driver's License: O32IKBQ2 - Exp: Oct 2103,"Home: 5655 Samuel Rest, West Laura, NJ - 08043",Black 2020 Honda Ridgeline - Pickup - WEO 734,"Bank Account (209060213): $24,536.11",,Married,Cesar Connor Brown (2051 -  ),,"[P8c06, P3b8d, P11a6]","[Pdc04, Pb46f]",Daniel Kenneth Smith (2028 - 2085),Christy Colleen Alvarado (2029 - 2100),Style Quest Press (2089) - Entertainment: Journalism,Employee: General,"[Drive Parts (2099) - Automotive: Suppliers, FeastSip Bread (2099) - Food and Beverage: Bakery, Style Quest Press (2089) - Entertainment: Journalism]",True,Dan Smith and Crissy Alvarado,True,True,True,Middle Age,Julie Smith,Julie Smith,Mrs.,F,Male,23.5,148 lbs,"5' 6""",2058 -  ,B+
Pdc04,Male,Robert,Cody,Smith,Hob,354-99-9115,Heterosexual,52,2,2047-01-06,08:12 PM,2100-01-01,Blonde,Straight,Hazel,63.6,206.2,BBdD,Holds eye contact when interacting,"Protean, Capable, Magnanimous",Dominating,"Discouraging, Stupid, Fanciful",Cell: (833) 280-6035,Personal: robertsmith47@yakoo.com,Passport: K85802316 - Exp: Aug 2109,Driver's License: S45JTKP7 - Exp: May 2107,"Home: 4869 Julie Stream, Noahhaven, NJ - 07766",Silver 2001 Volvo S60 - Sedan - 201-447,"Bank Account (257032644): $28,950.50","Animal(name='Nala', animal_type='Cat', breed='American Wirehair', age=13, gender='Female')",Single,,,[],"[P8bf9, Pb46f]",Daniel Kenneth Smith (2028 - 2085),Christy Colleen Alvarado (2029 - 2100),Sound Quest Music (2099) - Entertainment: Music,Owner: General,"[Style Quest Press (2089) - Entertainment: Journalism, Market Store Quick (2092) - Retail: Convenience, SelectPlace Trade (2099) - Retail: Wholesale]",False,Dan Smith and Crissy Alvarado,True,True,True,Middle Age (Deceased),Robert Cody Smith,Hob Smith,Mr.,M,Female,35.8,206 lbs,"5' 4""",2047 - 2100,B+
Pb46f,Male,John,,Smith,,067-23-8384,Homosexual,56,2,2043-03-21,06:53 PM,,Red,Flowing,Brown,62.6,194.8,ABDD,Laughs a lot,"Hearty, Sexy, Adaptable",Dry,"Incurious, Dissolute, Crazy",Cell: (651) 633-1680,Personal: johnsmith988@kmail.com,Passport: B11459131 - Exp: Jan 2102,Driver's License: M60YCMT7 - Exp: Sep 2102,"Home: 9150 Williams Street - Suite 093, Lake Ryan, NJ - 08059",Blue 2002 Acura NSX - Coupe - 5KL 552,"Bank Account (835537788): $6,993.11",,Married,Joseph Stuart Smith (2046 -  ),,"[P6395, Pe3f1]","[P8bf9, Pdc04]",Daniel Kenneth Smith (2028 - 2085),Christy Colleen Alvarado (2029 - 2100),FeastSip Bread (2099) - Food and Beverage: Bakery,Owner: General,"[Style Quest Press (2089) - Entertainment: Journalism, SelectPlace Trade (2099) - Retail: Wholesale, EducateCenter School (2095) - Education: Public K-6]",True,Dan Smith and Crissy Alvarado,True,True,True,Middle Age,John Smith,John Smith,Mr.,M,Male,34.9,195 lbs,"5' 3""",2043 -  ,AB+
Pe5f5,Female,Mary,,Smith,Polly,363-55-0426,Heterosexual,43,2,2056-11-08,07:39 AM,,Blonde,Spiky,Brown,63.6,156.0,AAdD,Blinks often,"Thorough, Firm, Knowledge",Noncommittal,"Critical, Unpolished, Uncritical",Cell: (719) 757-9171,Personal: marylee@kmail.com,Passport: C11670048 - Exp: Sep 2105,Driver's License: Q30HNKI0 - Exp: Apr 2098,"Home: 436 Thompson Shores - Apt. 591, Johnsonton, NJ - 07557",,"Bank Account (711536775): $23,333.99",,Married,John Smith (2057 - 2100),Lee,"[P86d3, P1141, Pf8a7]",[Pce38],Teresa Anna Lee (2034 -  ),Jennifer Farmer (2036 -  ),Drive Parts (2099) - Automotive: Suppliers,Employee: General,"[Sound Quest Music (2099) - Entertainment: Music, Star Beat Journal (2098) - Entertainment: Journalism, Style Quest Press (2089) - Entertainment: Journalism]",True,Nan Lee and Jennie Farmer,True,True,True,Middle Age,Mary Smith,Polly Smith,Mrs.,F,Male,27.1,156 lbs,"5' 4""",2056 -  ,A+
Pce38,Male,Joshua,Joe,Lee,,692-19-7223,Homosexual,54,2,2045-08-06,12:14 PM,,Blonde,Unkempt,Blue,71.4,212.9,OOdD,Speaks softly,"Observant, Stable, Vivacious",Familial,"Opinionated, Impatient, Neglectful",Cell: (654) 509-5786,Personal: joshualee259@kmail.com,Passport: T91536334 - Exp: Mar 2102,Driver's License: M42GVME8 - Exp: Aug 2100,"Home: 630 Barbara Falls - Apt. 982, Shepardfurt, NJ - 08120",Brown 1992 Chevrolet 2500 Extended Cab - Pickup - Y27-94E,"Bank Account (788186895): $5,044.30","Animal(name='Whiskers', animal_type='Cat', breed='Himalayan', age=10, gender='Male')",Married,Tyler Alan Lee (2054 - 2100),,[P1d48],[Pe5f5],Teresa Anna Lee (2034 -  ),Jennifer Farmer (2036 -  ),Zoom Dealer (2090) - Automotive: Dealership,Employee: General,"[Sound Quest Music (2099) - Entertainment: Music, Market Store Quick (2092) - Retail: Convenience, SelectPlace Trade (2099) - Retail: Wholesale, EducateCenter School (2095) - Education: Public K-6]",True,Nan Lee and Jennie Farmer,True,True,True,Middle Age,Joshua Joe Lee,Joshua Lee,Mr.,M,Male,29.4,213 lbs,"5' 11""",2045 -  ,O+
Pb90a,Female,Christina,Audrey,Zuniga,,540-33-7285,Heterosexual,50,2,2049-07-17,08:30 PM,,Black,Flowing,Hazel,66.9,141.0,AAdD,Sweats excessively,"Sage, Serious, Aspiring",Amusing,"Selfish, Fatalistic, Troublesome",Cell: (452) 287-6485,Personal: cmarshall49@kcloud.com,Passport: V90520425 - Exp: Sep 2105,Driver's License: L87DLIZ3 - Exp: Jul 2103,"Home: 600 Anthony Landing - Suite 916, Port Omar, NJ - 07894",,Bank Account (207677439): $942.90,"Animal(name='Popcorn', animal_type='Dog', breed='Labrador Retriever', age=1, gender='Male')",Married,Philip Steven Zuniga (2052 - 2100),Marshall,"[Pfb5f, P04c7, Pd5a5, P479d]","[Pd74c, Pc1bc]",Jennifer Jessica Marshall (2028 - 2100),Jesse Marshall (2023 -  ),,Unemployed,"[Invest Wise Invest (2093) - Finance: Investment Firm, FeastSip Bread (2099) - Food and Beverage: Bakery, Star Beat Journal (2098) - Entertainment: Journalism]",True,Jennifer Marshall and Jesse Marshall,True,True,False,Middle Age,Christina Audrey Zuniga,Christina Zuniga,Mrs.,F,Male,22.1,141 lbs,"5' 7""",2049 -  ,A+
Pd74c,Male,Samuel,Mitchell,Marshall,Sam,459-09-8663,Heterosexual,43,2,2056-10-11,03:14 AM,,Black,Frizzy,Blue,67.5,175.7,AAdD,Wipes clammy hands,"Reflective, Discreet, Subtle",Effeminate,"Dependent, Hateful, Silly",Cell: (262) 808-9691,Personal: smarshall697@kmail.com,Passport: I62009414 - Exp: Feb 2103,Driver's License: J94KKXM7 - Exp: Nov 2100,"Home: 521 Miller Vista, East Aaronburgh, NJ - 08352",Black 2018 Hyundai Sonata Plug-in Hybrid - Sedan - NVZ-663,"Bank Account (864416649): $27,563.57",,Married,Christine Elizabeth Silva (2050 -  ),,[P5482],"[Pb90a, Pc1bc]",Jennifer Jessica Marshall (2028 - 2100),Jesse Marshall (2023 -  ),Bite Delight Mobile (2092) - Food and Beverage: Food Truck,Owner: General,"[Sound Quest Music (2099) - Entertainment: Music, Style Quest Press (2089) - Entertainment: Journalism, SelectPlace Trade (2099) - Retail: Wholesale]",True,Jennifer Marshall and Jesse Marshall,True,True,True,Middle Age,Samuel Mitchell Marshall,Sam Marshall,Mr.,M,Female,27.1,176 lbs,"5' 8""",2056 -  ,A+
Pc1bc,Male,David,Michael,Marshall,Mikey,291-30-5995,Heterosexual,54,2,2045-12-31,03:44 AM,,Blonde,Wavy,Blue,66.3,204.9,AAdD,Wears clothing with sarcastic sayings,"Self-denying, Clean, Subtle",Impersonal,"Crass, Perverse, Naive",Cell: (877) 720-0204,Personal: davidmarshall1231@kmail.com,Passport: V97030568 - Exp: Jun 2103,Driver's License: K35IBBJ6 - Exp: Jun 2105,"Home: 2284 William Mews, Port Kristenchester, NJ - 08763",,"Bank Account (568530018): $8,208.40","Animal(name='Luna', animal_type='Cat', breed='Aegean', age=7, gender='Male')",Married,Monique Donna Marshall (2049 -  ),,"[Pcc0c, Pefb3]","[Pb90a, Pd74c]",Jennifer Jessica Marshall (2028 - 2100),Jesse Marshall (2023 -  ),Taste Bite Beverage (2098) - Food and Beverage: Beverage Manufacture,Employee: General,"[Style Quest Press (2089) - Entertainment: Journalism, Market Store Quick (2092) - Retail: Convenience, SelectPlace Trade (2099) - Retail: Wholesale, EducateCenter School (2095) - Education: Public K-6]",True,Jennifer Marshall and Jesse Marshall,True,True,True,Middle Age,David Michael Marshall,Mikey Marshall,Mr.,M,Female,32.8,205 lbs,"5' 6""",2045 -  ,A+
P081f,Male,Shawn,Brian,Brown,,178-43-6411,Heterosexual,48,2,2051-12-16,01:37 AM,,Blonde,Flowing,Brown,70.5,156.7,BAdD,Punches people in their arm (jokingly) to get them to lighten up,"Studious, Alert, Confident",Formal,"Ignorant, Venal, Bizarre",Cell: (936) 371-7174,Personal: shawnbrown51@yakoo.com,Passport: O87342020 - Exp: Mar 2106,Driver's License: Y85NBVH3 - Exp: Mar 2099,"Home: 598 Lopez Field, Angelaview, NJ - 07744",Red 1996 Toyota T100 Xtracab - Pickup - TB 1657,"Bank Account (688425659): $1,803.38","Animal(name='Tango', animal_type='Fish', breed='Angelfish', age=4, gender='Male')",Single,,,[],"[P0429, P1f08]",Allison Melissa Brown (2027 - 2099),Donald Adam Brown (2024 - 2100),FeastSip Bread (2099) - Food and Beverage: Bakery,Employee: General,"[Style Quest Press (2089) - Entertainment: Journalism, SelectPlace Trade (2099) - Retail: Wholesale, EducateCenter School (2095) - Education: Public K-6]",True,Allison Brown and Dony Brown,True,True,True,Middle Age,Shawn Brian Brown,Shawn Brown,Mr.,M,Female,22.2,157 lbs,"5' 10""",2051 -  ,B+
P0429,Male,Cesar,Connor,Brown,,655-77-4858,Heterosexual,48,2,2051-12-26,11:06 AM,,Brown,Flowing,Green,71.5,166.5,BAdD,Wears hair in a tight bun,"Undogmatic, Admirable, Idealistic",Skeptical,"Indulgent, Unself-critical, Extravagant",Cell: (686) 319-2886,Personal: brown359@kmail.com,Passport: O30462042 - Exp: Feb 2101,Driver's License: X72FHKG6 - Exp: Feb 2099,"Home: 5655 Samuel Rest, West Laura, NJ - 08043",White 1997 Ford Econoline E250 Cargo - Van/Minivan - 2UG 847,"Bank Account (368404362): $4,557.34","Animal(name='Tasha', animal_type='Cat', breed='Serengeti', age=2, gender='Female')",Married,Julie Smith (2058 -  ),,"[P8c06, P3b8d, P11a6]","[P081f, P1f08]",Allison Melissa Brown (2027 - 2099),Donald Adam Brown (2024 - 2100),,Unemployed,"[Taste Bite Beverage (2098) - Food and Beverage: Beverage Manufacture, SelectPlace Trade (2099) - Retail: Wholesale]",True,Allison Brown and Dony Brown,True,True,False,Middle Age,Cesar Connor Brown,Cesar Brown,Mr.,M,Female,22.9,166 lbs,"6' 0""",2051 -  ,B+
P1f08,Male,Tyler,Alan,Lee,,230-57-3302,Homosexual,45,2,2054-02-12,10:53 AM,2100-01-01,Blonde,Curly,Brown,64.0,206.7,BAdD,Keeps shoulders back and down,"Pruposeful, Daring, Admirable",Maternal,"Incurious, Crass, Enervated",Cell: (948) 624-2128,Personal: tylerbrown212@yakoo.com,Passport: V64772140 - Exp: Jul 2108,Driver's License: P86AEQZ7 - Exp: May 2107,"Home: 630 Barbara Falls - Apt. 982, Shepardfurt, NJ - 08120",,"Bank Account (457192457): $22,087.75",,Married,Joshua Joe Lee (2045 -  ),Brown,[P1d48],"[P081f, P0429]",Allison Melissa Brown (2027 - 2099),Donald Adam Brown (2024 - 2100),Taste Bite Beverage (2098) - Food and Beverage: Beverage Manufacture,Manager: General,"[Taste Bite Beverage (2098) - Food and Beverage: Beverage Manufacture, Sound Quest Music (2099) - Entertainment: Music, Style Quest Press (2089) - Entertainment: Journalism, SelectPlace Trade (2099) - Retail: Wholesale, EducateCenter School (2095) - Education: Public K-6]",False,Allison Brown and Dony Brown,True,True,True,Middle Age (Deceased),Tyler Alan Lee,Tyler Lee,Mr.,M,Male,35.5,207 lbs,"5' 4""",2054 - 2100,B+
Pe5c0,Male,Jimmy,Brian,Torres,Bryant,242-05-5879,Heterosexual,49,2,2050-12-14,05:22 AM,2100-01-01,Blonde,Spiky,Brown,69.7,153.6,BADD,Loses appetite,"Intelligent, Extraordinary, Personable",Irreverent,"Overimaginative, Opinionated, Stupid",Cell: (582) 714-3258,Personal: jimmytorres@kcloud.com,Passport: X11759333 - Exp: Apr 2104,Driver's License: Q64KIUN4 - Exp: May 2105,"Home: 454 Stephens Park - Apt. 229, Grayton, NJ - 07995",,"Bank Account (343363559): $8,074.15",,Single,,,[],"[Pc34b, Pc336]",Kenneth Bernard Torres (2033 - 2100),Amy Torres (2022 - 2100),AutoPath Rentals (2062) - Automotive: Rental,Employee: General,"[SelectPlace Trade (2099) - Retail: Wholesale, EducateCenter School (2095) - Education: Public K-6]",False,Berny Torres and Amy Torres,True,True,True,Middle Age (Deceased),Jimmy Brian Torres,Bryant Torres,Mr.,M,Female,22.2,154 lbs,"5' 10""",2050 - 2100,B+
Pc34b,Female,Sara,Amanda,Torres,Manda,574-89-9378,Homosexual,44,2,2055-09-10,06:30 PM,,Blonde,Straight,Hazel,60.4,129.8,BADd,Tilts head to the side when listening,"Original, Painstaking, Captivating",Political,"Tense, Disputatious, Coarse",Cell: (401) 200-9975,Personal: saratorres55@kmail.com,Passport: L49198623 - Exp: Aug 2100,Driver's License: Z28JTRW2 - Exp: Sep 2099,"Home: 16371 Johnson Loaf - Suite 478, New Vickie, NJ - 08302",,"Bank Account (784084771): $28,175.22",,Married,Jennifer Carmen Torres (2047 - 2100),,"[P9441, P1d2f]","[Pe5c0, Pc336]",Kenneth Bernard Torres (2033 - 2100),Amy Torres (2022 - 2100),Market Store Quick (2092) - Retail: Convenience,Manager: General,"[Drive Parts (2099) - Automotive: Suppliers, Star Beat Journal (2098) - Entertainment: Journalism, Style Quest Press (2089) - Entertainment: Journalism]",True,Berny Torres and Amy Torres,True,True,True,Middle Age,Sara Amanda Torres,Manda Torres,Mrs.,F,Female,25.0,130 lbs,"5' 0""",2055 -  ,B+
Pc336,Female,Amy,Patricia,Torres,Patty,793-02-1553,Heterosexual,41,2,2058-05-27,12:22 AM,,Black,Unkempt,Brown,73.1,134.5,BADD,Pinches lips together tightly,"Sexy, Polished, Adaptable",Amusing,"Mealymouthed, Inhibited, Unlovable",Cell: (653) 487-5383,Personal: atorres58@kmail.com,Passport: M23024611 - Exp: Nov 2106,Driver's License: A86ADFF9 - Exp: Aug 2104,"Home: 3775 Karen Meadow - Apt. 318, Carterbury, NJ - 08249",,"Bank Account (912781349): $3,394.52",,Single,,,[],"[Pe5c0, Pc34b]",Kenneth Bernard Torres (2033 - 2100),Amy Torres (2022 - 2100),EducatePlace Center (2045) - Education: Community College,Manager: General,"[Invest Wise Invest (2093) - Finance: Investment Firm, Drive Parts (2099) - Automotive: Suppliers, FeastSip Bread (2099) - Food and Beverage: Bakery, Style Quest Press (2089) - Entertainment: Journalism]",True,Berny Torres and Amy Torres,True,True,True,Middle Age,Amy Patricia Torres,Patty Torres,Ms.,F,Male,17.7,134 lbs,"6' 1""",2058 -  ,B+
P2ad4,Male,Adam,Benjamin,Hendrix,Benjy,660-83-6239,Heterosexual,57,2,2042-04-03,01:02 PM,2100-01-01,Brown,Touseled,Brown,72.7,177.8,AOdD,Wipes clammy hands,"Protective, Sensitive, Incisive",Soft,"Dogmatic, Uncritical, Airy",Cell: (656) 170-1471,Personal: adamhendrix42@kmail.com,Passport: Z90637139 - Exp: Feb 2103,Driver's License: Q24MHZE6 - Exp: Nov 2099,"Home: 5774 Aaron Pass, West Steven, NJ - 07612",Black 2003 GMC Sonoma Crew Cab - Pickup - 25PC012,"Bank Account (363084513): $21,052.22",,Single,,,[],"[P6b9c, P4090]",Amber Dawn Hendrix (2036 -  ),Derrick Dylan Hendrix (2025 - 2091),,Unemployed,"[Style Quest Press (2089) - Entertainment: Journalism, SelectPlace Trade (2099) - Retail: Wholesale, EducateCenter School (2095) - Education: Public K-6]",False,Amber Hendrix and Derrick Hendrix,True,True,False,Middle Age (Deceased),Adam Benjamin Hendrix,Benjy Hendrix,Mr.,M,Female,23.6,178 lbs,"6' 1""",2042 - 2100,A+
P6b9c,Female,Amber,Laura,Johnson,,630-49-4378,Heterosexual,39,2,2060-09-23,01:48 AM,,Grey,Straight,Brown,64.9,150.1,AODD,Chews on fingernails,"Firm, Innovative, Dignified",Irreverent,"Careless, Troublesome, Thievish",Cell: (401) 158-3357,Personal: amberhendrix@yakoo.com,Passport: V22670535 - Exp: Aug 2106,Driver's License: S94RUWI7 - Exp: Aug 2106,"Home: 1184 Graves Mountains, New Kathyhaven, NJ - 07514",Black 1996 Toyota Land Cruiser - SUV - 1869 TP,"Bank Account (916388405): $15,852.71",,Married,William Victor Johnson (2045 -  ),Hendrix,"[Pe50c, P950a]","[P2ad4, P4090]",Amber Dawn Hendrix (2036 -  ),Derrick Dylan Hendrix (2025 - 2091),Art Beat Sports (2090) - Entertainment: Sports,Manager: General,"[Invest Wise Invest (2093) - Finance: Investment Firm, Star Beat Journal (2098) - Entertainment: Journalism, Style Quest Press (2089) - Entertainment: Journalism]",True,Amber Hendrix and Derrick Hendrix,True,True,True,Late Young Adult,Amber Laura Johnson,Amber Johnson,Mrs.,F,Male,25.1,150 lbs,"5' 5""",2060 -  ,A+
P4090,Male,Jordan,Luis,Hendrix,,616-90-9140,Bisexual,41,2,2058-02-23,04:46 AM,,Black,Spiky,Amber,73.1,152.8,AOdD,Wears hats consistently,"Warm, Adaptable, Articulate",Amusing,"Disloyal, Expedient, Sadistic",Cell: (696) 615-2333,Personal: jhendrix@outkook.com,Passport: Q14765497 - Exp: Jul 2107,Driver's License: L92DQQJ9 - Exp: May 2107,"Home: 36927 Heather Gardens - Suite 953, Jeremyside, NJ - 07959",White 2006 Kia Optima (2006.5) - Sedan - WTJ 998,"Bank Account (462321411): $21,861.41","Animal(name='Pebbles', animal_type='Fish', breed='Betta Fish', age=3, gender='Male')",Single,,,[],"[P2ad4, P6b9c]",Amber Dawn Hendrix (2036 -  ),Derrick Dylan Hendrix (2025 - 2091),Well Hub Heal (2098) - Healthcare: Rehabilitation,Manager: General,"[Style Quest Press (2089) - Entertainment: Journalism, Market Store Quick (2092) - Retail: Convenience, SelectPlace Trade (2099) - Retail: Wholesale]",True,Amber Hendrix and Derrick Hendrix,True,True,True,Middle Age,Jordan Luis Hendrix,Jordan Hendrix,Mr.,M,Female,20.1,153 lbs,"6' 1""",2058 -  ,A+
Pbcd7,Male,David,Robert,Bradley,,572-26-6287,Heterosexual,51,2,2048-05-02,01:44 PM,,Black,Frizzy,Brown,67.5,189.9,AADd,Oblivious to everyone except one person,"Invulnerable, Rational, Serious",Undemanding,"Unself-critical, Libidinous, Disputatious",Cell: (221) 692-9110,Personal: dbradley306@kmail.com,Passport: L75301377 - Exp: Sep 2101,Driver's License: Y53OQFM3 - Exp: Jan 2099,"Home: 7147 Jennifer Ports, Rojasmouth, NJ - 08951",Silver 1998 Jeep Wrangler - SUV - 8-42131N,"Bank Account (307187249): $1,193.58",,Married,Denise Samantha Bradley (2052 -  ),,"[P42fb, P4070, P6c3a]",[Pa697],Kimberly Stacey Bradley (2032 -  ),Ryan Amanda Bradley (2035 - 2100),Cruise Path Travel Cars (2098) - Automotive: Rental,Employee: General,"[Sound Quest Music (2099) - Entertainment: Music, Style Quest Press (2089) - Entertainment: Journalism, SelectPlace Trade (2099) - Retail: Wholesale]",True,Kimberli Bradley and Mandy Bradley,True,True,True,Middle Age,David Robert Bradley,David Bradley,Mr.,M,Female,29.3,190 lbs,"5' 8""",2048 -  ,A+
Pa697,Female,Monique,Donna,Marshall,Dona,806-73-1053,Heterosexual,50,2,2049-10-08,03:05 PM,,Black,Frizzy,Brown,65.1,149.2,AADd,Stops to listen to all street musicians,"Studious, Vivacious, Decisive",Quiet,"Hateful, Unlovable, Aloof",Cell: (893) 585-7570,Personal: bradley970@yakoo.com,Passport: A40604410 - Exp: Sep 2104,Driver's License: H96FIKC7 - Exp: Dec 2101,"Home: 2284 William Mews, Port Kristenchester, NJ - 08763",White 2011 BMW X6 - SUV - 4-39787C,"Bank Account (704884258): $29,985.17",,Married,David Michael Marshall (2045 -  ),Bradley,"[Pcc0c, Pefb3]",[Pbcd7],Kimberly Stacey Bradley (2032 -  ),Ryan Amanda Bradley (2035 - 2100),,Unemployed,[Drive Parts (2099) - Automotive: Suppliers],True,Kimberli Bradley and Mandy Bradley,True,True,False,Middle Age,Monique Donna Marshall,Dona Marshall,Mrs.,F,Male,24.7,149 lbs,"5' 5""",2049 -  ,A+
P1650,Male,Frederick,,Rhodes,Rick,294-31-1589,Homosexual,58,2,2041-08-02,07:30 AM,2100-01-01,Brown,Wavy,Hazel,67.8,198.2,BADD,Toys with rings,"Capable, Genuine, Sharing",Unaggressive,"Silly, Disputatious, Puritanical",Cell: (575) 892-1764,Personal: gonzalez509@kmail.com,Passport: G35839486 - Exp: Aug 2102,Driver's License: A32GCGO4 - Exp: Jan 2098,"Home: 18032 Davis Ways, Josechester, NJ - 08473",Blue 2007 GMC Savana 2500 Cargo - Van/Minivan - WZT 316,"Bank Account (029614251): $21,839.12",,Married,Daniel Jonathan Rhodes (2048 -  ),Gonzalez,"[P1f83, Pe3df]",[P7c82],Michael Philip Gonzalez (2027 -  ),Jessica Tammy Gonzalez (2038 -  ),,Unemployed,"[Sound Quest Music (2099) - Entertainment: Music, Style Quest Press (2089) - Entertainment: Journalism, Market Store Quick (2092) - Retail: Convenience, SelectPlace Trade (2099) - Retail: Wholesale, EducateCenter School (2095) - Education: Public K-6]",False,Mickey Gonzalez and Jessie Gonzalez,True,True,False,Middle Age (Deceased),Frederick Rhodes,Rick Rhodes,Mr.,M,Male,30.3,198 lbs,"5' 8""",2041 - 2100,B+
P7c82,Male,Damon,Gary,Gonzalez,,574-02-7092,Heterosexual,52,2,2047-08-28,05:12 AM,2100-01-01,Black,Touseled,Blue,70.7,203.8,BADD,Doodles absentmindedly,"Disciplined, Protean, Dedicated",Restrained,"Critical, Messy, Oppressed",Cell: (422) 836-6696,Personal: dgonzalez@kmail.com,Passport: H80551475 - Exp: Jun 2106,Driver's License: M65LGEO0 - Exp: Jan 2107,"Home: 2785 Michael Drive - Suite 754, Russellland, NJ - 08736",,"Bank Account (169274726): $29,381.23",,Married,Michelle Holland (2043 -  ),,"[P004d, P2eb6]",[P1650],Michael Philip Gonzalez (2027 -  ),Jessica Tammy Gonzalez (2038 -  ),Sound Quest Music (2099) - Entertainment: Music,Manager: General,[SelectPlace Trade (2099) - Retail: Wholesale],False,Mickey Gonzalez and Jessie Gonzalez,True,True,True,Middle Age (Deceased),Damon Gary Gonzalez,Damon Gonzalez,Mr.,M,Female,28.7,204 lbs,"5' 11""",2047 - 2100,B+
Pb245,Male,Barry,Dennis,Zuniga,,451-25-4265,Homosexual,44,2,2055-08-22,07:28 PM,,Brown,Frizzy,Hazel,69.3,189.0,OODd,Foot kicking slightly,"Romantic, Benevolent, Neat",Dominating,"Indulgent, Mechanical, Pedantic",Cell: (222) 446-1461,Personal: bzuniga55@kcloud.com,Passport: H48611454 - Exp: Nov 2104,Driver's License: G95MYTN6 - Exp: Nov 2107,"Home: 6725 Smith Fords, Arellanoport, NJ - 08155","White 1993 Mercury Topaz - Sedan, Coupe - 828 ACA","Bank Account (029398708): $19,035.05",,Single,,,[],"[P4539, Pc87a]",Kayla Christina Zuniga (2040 - 2100),Brian James Baker (2038 - 2096),Well Hub Heal (2098) - Healthcare: Rehabilitation,Manager: General,"[Sound Quest Music (2099) - Entertainment: Music, Style Quest Press (2089) - Entertainment: Journalism, SelectPlace Trade (2099) - Retail: Wholesale, EducateCenter School (2095) - Education: Public K-6]",True,Crissy Zuniga and Bryan Baker,True,True,True,Middle Age,Barry Dennis Zuniga,Barry Zuniga,Mr.,M,Male,27.7,189 lbs,"5' 9""",2055 -  ,O+
P4539,Male,Philip,Steven,Zuniga,,550-57-1714,Heterosexual,47,2,2052-09-16,06:49 AM,2100-01-01,Black,Spiky,Blue,61.2,173.3,OODd,Chews on lips,"Decent, Liberal, Systematic",Private,"Venal, Superstitious, Secretive",Cell: (919) 961-9961,Personal: zuniga386@kmail.com,Passport: T27912570 - Exp: May 2108,Driver's License: Z61AFJQ1 - Exp: May 2106,"Home: 600 Anthony Landing - Suite 916, Port Omar, NJ - 07894",Black 2007 Audi RS 4 - Sedan - 693J7,"Bank Account (576197007): $8,565.97","Animal(name='Darby', animal_type='Dog', breed='Indian pariah dog', age=4, gender='Female')",Married,Christina Audrey Zuniga (2049 -  ),,"[Pfb5f, P04c7, Pd5a5, P479d]","[Pb245, Pc87a]",Kayla Christina Zuniga (2040 - 2100),Brian James Baker (2038 - 2096),Cruise Path Travel Cars (2098) - Automotive: Rental,Manager: General,[SelectPlace Trade (2099) - Retail: Wholesale],False,Crissy Zuniga and Bryan Baker,True,True,True,Middle Age (Deceased),Philip Steven Zuniga,Philip Zuniga,Mr.,M,Female,32.5,173 lbs,"5' 1""",2052 - 2100,O+
Pc87a,Male,Michael,Bryan,Zuniga,,327-36-0848,Heterosexual,55,2,2044-01-07,01:13 AM,2100-01-01,Black,Flowing,Blue,72.3,199.7,OODd,Chain smokes,"Strong, Nonauthoritarian, Romantic",Sensual,"Moody, Astigmatic, Regimental",Cell: (432) 862-4000,Personal: michaelzuniga44@kmail.com,Passport: Q14770982 - Exp: Oct 2105,Driver's License: T30HPOJ2 - Exp: Jul 2100,"Home: 12 Lowe Mews, West Jillville, NJ - 07401",White 2013 Toyota Prius Plug-in Hybrid - Hatchback - 9-P5806,"Bank Account (078648758): $7,040.31",,Single,,,[],"[Pb245, P4539]",Kayla Christina Zuniga (2040 - 2100),Brian James Baker (2038 - 2096),Transit Lines Air (2028) - Transportation: Airline,Owner: General,"[Style Quest Press (2089) - Entertainment: Journalism, Market Store Quick (2092) - Retail: Convenience, SelectPlace Trade (2099) - Retail: Wholesale, EducateCenter School (2095) - Education: Public K-6]",False,Crissy Zuniga and Bryan Baker,True,True,True,Middle Age (Deceased),Michael Bryan Zuniga,Michael Zuniga,Mr.,M,Female,26.9,200 lbs,"6' 0""",2044 - 2100,O+
P86d3,Male,Zachary,William,Smith,Willy,433-86-8781,Homosexual,21,1,2078-06-22,12:40 AM,,Blonde,Flowing,Brown,70.1,167.3,AAdD,Talks about obscure music artists,"Innovative, Systematic, Peaceful",Neutral,"Prejudiced, Dependent, Foolish",Cell: (973) 663-7065,Personal: zsmith622@kmail.com,Passport: D60770794 - Exp: Sep 2103,Driver's License: C51SVBB7 - Exp: Aug 2103,"Home: 625 Collins Via - Apt. 953, Nortonport, NJ - 08599",Silver 2005 Cadillac CTS - Sedan - VLD-662,"Bank Account (242387969): $20,873.98","Animal(name='Rocket', animal_type='Dog', breed='English Cocker Spaniel', age=11, gender='Male')",Married,Alan Jonathan Smith (2061 -  ),,"[P876f, P01d4]","[P1141, Pf8a7]",John Smith (2057 - 2100),Mary Smith (2056 -  ),Transit Lines Air (2028) - Transportation: Airline,Employee: General,"[Style Quest Press (2089) - Entertainment: Journalism, Market Store Quick (2092) - Retail: Convenience, SelectPlace Trade (2099) - Retail: Wholesale, EducateCenter School (2095) - Education: Public K-6]",True,Jack Smith and Polly Smith,True,True,True,Early Young Adult,Zachary William Smith,Willy Smith,Mr.,M,Male,23.9,167 lbs,"5' 10""",2078 -  ,A+
P1141,Male,Jacob,Jesse,Smith,Jay,113-05-0428,Heterosexual,28,1,2071-06-14,10:04 PM,,Blonde,Wavy,Green,70.8,198.2,BAdD,Calls their beloved first when there's bad news,"Thorough, Reverential, Honorable",Soft,"Outrageous, Moody, Imitative",Cell: (941) 969-2285,Personal: jacobsmith71@kmail.com,Passport: H23819680 - Exp: Sep 2107,Driver's License: X97ENLE2 - Exp: Jan 2106,"Home: 77533 Nolan Loop, West Anthonybury, NJ - 07532",Blue 2004 Nissan Altima - Sedan - 4D 08556,"Bank Account (366993377): $2,795.12","Animal(name='Boo', animal_type='Dog', breed='Polish Lowland Sheepdog', age=3, gender='Female')",Single,,,[],"[P86d3, Pf8a7]",John Smith (2057 - 2100),Mary Smith (2056 -  ),A Taste of Delight Food (2098) - Food and Beverage: Food Truck,Employee: General,"[Style Quest Press (2089) - Entertainment: Journalism, SelectPlace Trade (2099) - Retail: Wholesale, EducateCenter School (2095) - Education: Public K-6]",True,Jack Smith and Polly Smith,True,True,True,Early Young Adult,Jacob Jesse Smith,Jay Smith,Mr.,M,Female,27.8,198 lbs,"5' 11""",2071 -  ,B+
Pf8a7,Male,Timothy,Daniel,Smith,,729-01-3216,Heterosexual,30,1,2069-09-13,07:53 PM,2100-01-01,Brown,Frizzy,Hazel,77.3,144.6,AADd,Body language doesn't match words spoken,"Well-bred, Spontaneous, Practical",Deceptive,"Prim, Quirky, Anxious",Cell: (799) 450-3929,Personal: timothysmith@kmail.com,Passport: F16892917 - Exp: Sep 2104,Driver's License: E88LSLR0 - Exp: Aug 2103,"Home: 69481 Burton Brook - Suite 700, Greeneland, NJ - 08148",,"Bank Account (506299510): $8,531.04","Animal(name='Bucky', animal_type='Dog', breed='Treeing Cur', age=0, gender='Female')",Married,Jessica Valerie Smith (2062 -  ),,[P63ee],"[P86d3, P1141]",John Smith (2057 - 2100),Mary Smith (2056 -  ),Transit Lines Air (2028) - Transportation: Airline,Employee: General,"[Sound Quest Music (2099) - Entertainment: Music, SelectPlace Trade (2099) - Retail: Wholesale]",False,Jack Smith and Polly Smith,True,True,True,Late Young Adult (Deceased),Timothy Daniel Smith,Timothy Smith,Mr.,M,Female,17.0,145 lbs,"6' 5""",2069 - 2100,A+
P6395,Male,Daniel,Joseph,Smith,Jos,531-43-5157,Heterosexual,37,1,2062-09-09,10:12 PM,2100-01-01,Black,Flowing,Hazel,73.2,166.8,OAdD,Quotes well-known literary works,"Pruposeful, Peaceful, Maticulous",Outspoken,"Lazy, Extravagant, Critical",Cell: (671) 129-5048,Personal: danielsmith99@hokmail.com,Passport: M76572887 - Exp: Feb 2104,Driver's License: P04PBZX9 - Exp: Mar 2102,"Home: 33939 Deleon Orchard - Apt. 073, New Lisabury, NJ - 08694",,"Bank Account (836118338): $27,935.86","Animal(name='Pete', animal_type='Dog', breed='Shiloh Shepherd Dog', age=15, gender='Female')",Single,,,[],[Pe3f1],Joseph Stuart Smith (2046 -  ),John Smith (2043 -  ),Cruise Path Travel Cars (2098) - Automotive: Rental,Employee: General,"[Style Quest Press (2089) - Entertainment: Journalism, Market Store Quick (2092) - Retail: Convenience, SelectPlace Trade (2099) - Retail: Wholesale]",False,Joey Smith and John Smith,True,True,True,Late Young Adult (Deceased),Daniel Joseph Smith,Jos Smith,Mr.,M,Female,21.9,167 lbs,"6' 1""",2062 - 2100,O+
Pe3f1,Male,Patrick,Adam,Smith,Pate,071-27-5804,Heterosexual,29,1,2070-12-25,01:17 PM,,Black,Straight,Brown,76.4,170.5,OAdD,Takes glasses off and cleans them,"Humorous, High-minded, Energetic",High-spirited,"Disrespectful, Flamboyant, Irrational",Cell: (884) 839-2568,Personal: patricksmith1225@hokmail.com,Passport: Q75332899 - Exp: Mar 2106,Driver's License: E69ZBQY3 - Exp: Apr 2104,"Home: 5989 Nicholas Causeway, East Lisahaven, NJ - 07256",,"Bank Account (498755912): $4,500.85","Animal(name='Tigger', animal_type='Cat', breed='Ragdoll', age=10, gender='Female')",Married,Tina Smith (2073 -  ),,[P16c5],[P6395],Joseph Stuart Smith (2046 -  ),John Smith (2043 -  ),FeastSip Bread (2099) - Food and Beverage: Bakery,Employee: General,"[Sound Quest Music (2099) - Entertainment: Music, Style Quest Press (2089) - Entertainment: Journalism, SelectPlace Trade (2099) - Retail: Wholesale, EducateCenter School (2095) - Education: Public K-6]",True,Joey Smith and John Smith,True,True,True,Early Young Adult,Patrick Adam Smith,Pate Smith,Mr.,M,Female,20.5,170 lbs,"6' 4""",2070 -  ,O+
P004d,Female,Amanda,Nancy,Holland,,787-15-1793,Heterosexual,34,1,2065-03-11,11:14 PM,,Black,Flowing,Brown,63.8,128.5,AAdD,Laughs to fill uncomfortable silences,"Invulnerable, Innovative, Humble",Religious,"Calculating, Flamboyant, Overimaginative",Cell: (742) 241-9160,Personal: aholland@outkook.com,Passport: K17126338 - Exp: Nov 2106,Driver's License: F45ZNRH3 - Exp: Aug 2100,"Home: 3753 Shaw Trail, Nancyview, NJ - 07084",Black 1996 Cadillac Fleetwood - Sedan - 9-25630V,"Bank Account (592953185): $19,968.44","Animal(name='Bucky', animal_type='Dog', breed='Australian Kelpie', age=13, gender='Male')",Married,James Mark Bradley (2070 -  ),,[Pfadc],[P2eb6],Michelle Holland (2043 -  ),Damon Gary Gonzalez (2047 - 2100),EducateCenter School (2095) - Education: Public K-6,Employee: General,"[AutoPath Rentals (2062) - Automotive: Rental, Drive Parts (2099) - Automotive: Suppliers, Star Beat Journal (2098) - Entertainment: Journalism]",True,Shely Holland and Damon Gonzalez,True,True,True,Late Young Adult,Amanda Nancy Holland,Amanda Holland,Mrs.,F,Male,22.2,128 lbs,"5' 4""",2065 -  ,A+
P2eb6,Male,Martin,Robert,Holland,,563-14-8853,Heterosexual,24,1,2075-01-25,09:50 PM,,Brown,Unkempt,Brown,76.7,188.8,BBDD,Stares in the distance,"Generous, Adaptable, Tractable",Unaggressive,"Complacent, Ritualistic, Lazy",Cell: (708) 435-6088,Personal: martinholland@kmail.com,Passport: M39836130 - Exp: Jan 2105,Driver's License: Y75EPZQ5 - Exp: Feb 2104,"Home: 572 Ashley Mountain, Alyssachester, NJ - 07488",Black 2003 Chrysler PT Cruiser - Wagon - DZL6945,"Bank Account (899154121): $3,846.68","Animal(name='Milo', animal_type='Cat', breed='Oriental Shorthair', age=14, gender='Male')",Married,Nicole Holland (2077 -  ),,"[P889b, P8ac0, P739e]",[P004d],Michelle Holland (2043 -  ),Damon Gary Gonzalez (2047 - 2100),Well Hub Heal (2098) - Healthcare: Rehabilitation,Employee: General,"[Sound Quest Music (2099) - Entertainment: Music, Style Quest Press (2089) - Entertainment: Journalism, Market Store Quick (2092) - Retail: Convenience, SelectPlace Trade (2099) - Retail: Wholesale, EducateCenter School (2095) - Education: Public K-6]",True,Shely Holland and Damon Gonzalez,True,True,True,Early Young Adult,Martin Robert Holland,Martin Holland,Mr.,M,Female,22.6,189 lbs,"6' 5""",2075 -  ,B+
Pb6a8,Female,Angela,Catherine,Holland,Casey,228-74-0627,Homosexual,38,1,2060-06-01,07:52 AM,2099-05-11,Blonde,Spiky,Blue,64.2,141.0,AODD,Mumbles,"Thorough, Constant, Farsighted",Earthy,"Superstitious, Shallow, Fanciful",Cell: (897) 657-0504,Personal: angelaholland60@outkook.com,Passport: W87346880 - Exp: May 2107,Driver's License: F20CGEO8 - Exp: May 2101,"Home: 377 Patterson View - Apt. 021, Parkerville, NJ - 08551",Blue 2005 Honda Insight - Hatchback - 981 1YS,"Bank Account (362514685): $25,268.33",,Single,,,[],[P7b1b],Christopher Christopher Holland (2056 -  ),Pamela Robin Holland (2054 - 2099),FeastSip Bread (2099) - Food and Beverage: Bakery,Manager: General,"[AutoPath Rentals (2062) - Automotive: Rental, Drive Parts (2099) - Automotive: Suppliers, Sound Quest Music (2099) - Entertainment: Music, Star Beat Journal (2098) - Entertainment: Journalism]",False,Christopher Holland and Pam Holland,True,True,True,Late Young Adult (Deceased),Angela Catherine Holland,Casey Holland,Ms.,F,Female,24.0,141 lbs,"5' 4""",2060 - 2099,A+
P7b1b,Transgender,Kristen,Sarah,Holland,,842-64-1960,Heterosexual,37,1,2062-04-24,07:58 AM,,Brown,Unkempt,Brown,60.8,134.7,AOdd,Smiles a lot,"Respectful, Honest, Rational",Predictable,"Fatalistic, Argumentative, Apathetic",Cell: (201) 592-8767,Personal: kholland@yakoo.com,Passport: K52959826 - Exp: Jul 2101,Driver's License: B04IUFF1 - Exp: Feb 2102,"Home: 21964 Angela Locks, South Loganshire, NJ - 07423",Gray 2002 Ford Explorer Sport Trac - Pickup - FUL V98,"Bank Account (496587027): $16,803.11","Animal(name='Tiger', animal_type='Cat', breed='Korn Ja', age=2, gender='Male')",Single,,,[],[Pb6a8],Christopher Christopher Holland (2056 -  ),Pamela Robin Holland (2054 - 2099),Cruise Path Travel Cars (2098) - Automotive: Rental,Manager: General,[Style Quest Press (2089) - Entertainment: Journalism],True,Christopher Holland and Pam Holland,True,True,True,Late Young Adult,Kristen Sarah Holland,Kristen Holland,Mx.,T,Transgender,25.6,135 lbs,"5' 1""",2062 -  ,A-
Pa97d,Male,Christopher,Steven,Johnson,,154-39-9665,Heterosexual,26,1,2073-09-28,06:00 PM,,Black,Curly,Brown,74.7,186.1,BADD,Looks down when walking,"Incisive, Agreeable, Reflective",Dominating,"Pretentious, Argumentative, Coarse",Cell: (973) 745-3980,Personal: cjohnson73@kmail.com,Passport: H56107575 - Exp: Mar 2104,Driver's License: H04BCGI3 - Exp: Feb 2099,"Home: 8339 John Street, West Derekburgh, NJ - 07238","Gray 2003 Pontiac Grand Am - Sedan, Coupe - 806 REU","Bank Account (182255826): $28,971.92","Animal(name='Tango', animal_type='Fish', breed='Harlequin Rasbora', age=1, gender='Female')",Married,Katherine Johnson (2070 - 2099),,[],"[P2851, P137a]",William Johnson (2057 -  ),Crystal Deborah Williams (2041 -  ),Taste Bite Beverage (2098) - Food and Beverage: Beverage Manufacture,Employee: General,"[Sound Quest Music (2099) - Entertainment: Music, Style Quest Press (2089) - Entertainment: Journalism, EducateCenter School (2095) - Education: Public K-6]",True,William Johnson and Crystal Williams,True,True,True,Early Young Adult,Christopher Steven Johnson,Christopher Johnson,Mr.,M,Female,23.4,186 lbs,"6' 3""",2073 -  ,B+
P2851,Male,Lonnie,William,Johnson,Will,278-48-5690,Heterosexual,37,1,2062-01-11,10:56 PM,,Black,Frizzy,Green,64.1,203.5,BAdD,Raises eyebrow often while others are talking,"Resourceful, Curious, Secure",Complex,"Vulnerable, Unconvincing, Puritanical",Cell: (233) 889-1269,Personal: lonniejohnson@yakoo.com,Passport: Y79712893 - Exp: Jun 2106,Driver's License: S68ZNTN7 - Exp: May 2103,"Home: 6783 Kimberly Fork, Prattshire, NJ - 07427",Gray 2015 Cadillac Escalade ESV - SUV - 86DA975,"Bank Account (195073502): $22,195.65",,Single,,,[],"[Pa97d, P137a]",William Johnson (2057 -  ),Crystal Deborah Williams (2041 -  ),,Unemployed,"[SelectPlace Trade (2099) - Retail: Wholesale, EducateCenter School (2095) - Education: Public K-6]",True,William Johnson and Crystal Williams,True,True,False,Late Young Adult,Lonnie William Johnson,Will Johnson,Mr.,M,Female,34.8,204 lbs,"5' 4""",2062 -  ,B+
P137a,Male,Jeffrey,,Johnson,Geoff,435-84-7615,Heterosexual,19,1,2080-01-31,11:58 AM,2100-01-01,Brown,Flowing,Brown,72.1,159.4,BAdD,Apologizes a lot,"Dignified, Realistic, Cultured",Placid,"Enervated, False, Excitable",Cell: (208) 212-5833,Personal: jjohnson80@yakoo.com,Passport: N40891045 - Exp: Dec 2103,Driver's License: S68EZXK2 - Exp: Aug 2100,"Home: 4541 Kim Shoals, Jacquelineville, NJ - 08220",,"Bank Account (961929733): $26,116.35",,Married,Erin Stacy Johnson (2074 -  ),,"[Pb7e2, Pfade, P064d, P46b9]","[Pa97d, P2851]",William Johnson (2057 -  ),Crystal Deborah Williams (2041 -  ),FeastSip Bread (2099) - Food and Beverage: Bakery,Employee: General,"[Style Quest Press (2089) - Entertainment: Journalism, SelectPlace Trade (2099) - Retail: Wholesale, EducateCenter School (2095) - Education: Public K-6]",False,William Johnson and Crystal Williams,True,True,True,Late Teen (Deceased),Jeffrey Johnson,Geoff Johnson,Mr.,M,Female,21.6,159 lbs,"6' 0""",2080 - 2100,B+
P9441,Male,Clinton,David,Torres,Day,872-50-3786,Heterosexual,19,1,2080-07-01,09:19 AM,2100-01-01,Black,Flowing,Brown,72.1,196.0,BAdd,Wear a sweater/jacket/coat at all times,"Reverential, Gallant, Colorful",Breezy,"Angry, Decadent, Reactive",Cell: (941) 552-2367,Personal: ctorres80@kmail.com,Passport: H70102810 - Exp: Mar 2100,Driver's License: F92LCAM0 - Exp: Feb 2107,"Home: 30508 Rebecca Haven - Suite 110, Perkinsborough, NJ - 08647",Gray 2008 Suzuki Reno - Hatchback - EDU 488,"Bank Account (963535688): $5,065.40","Animal(name='Oscar', animal_type='Cat', breed='Colorpoint Shorthair', age=12, gender='Male')",Single,,,[],[P1d2f],Jennifer Carmen Torres (2047 - 2100),Sara Amanda Torres (2055 -  ),Invest Wise Invest (2093) - Finance: Investment Firm,Employee: General,"[Style Quest Press (2089) - Entertainment: Journalism, SelectPlace Trade (2099) - Retail: Wholesale, EducateCenter School (2095) - Education: Public K-6]",False,Jennifer Torres and Manda Torres,True,True,True,Late Teen (Deceased),Clinton David Torres,Day Torres,Mr.,M,Female,26.5,196 lbs,"6' 0""",2080 - 2100,B-
P1d2f,Female,Katherine,,Johnson,,057-60-0684,Heterosexual,29,1,2070-04-09,05:40 PM,2099-07-29,Brown,Flowing,Green,64.7,122.5,BAdd,Avoids looking at self in the mirror,"Sage, Scholarly, Contemplative",Impassive,"Wishful, Ridiculous, Pharissical",Cell: (114) 582-6618,Personal: katherinetorres70@kmail.com,Passport: K17093109 - Exp: Sep 2106,Driver's License: H62YGBF7 - Exp: Feb 2104,"Home: 8339 John Street, West Derekburgh, NJ - 07238",Gold 2020 Cadillac XT5 - SUV - NO7 R1K,"Bank Account (159352853): $25,122.10",,Married,Christopher Steven Johnson (2073 -  ),Torres,[],[P9441],Jennifer Carmen Torres (2047 - 2100),Sara Amanda Torres (2055 -  ),Well Hub Heal (2098) - Healthcare: Rehabilitation,Employee: General,"[Drive Parts (2099) - Automotive: Suppliers, Star Beat Journal (2098) - Entertainment: Journalism, Style Quest Press (2089) - Entertainment: Journalism]",False,Jennifer Torres and Manda Torres,True,True,True,Early Young Adult (Deceased),Katherine Johnson,Katherine Johnson,Mrs.,F,Male,20.6,122 lbs,"5' 5""",2070 - 2099,B-
P42fb,Female,Erin,Stacy,Johnson,Staci,887-56-1686,Heterosexual,25,1,2074-12-29,03:14 AM,,Brown,Touseled,Brown,62.9,139.2,BAdd,Has oddball sayings,"Scholarly, Intelligent, Fair",Folksy,"Secretive, Quirky, Ignorant",Cell: (843) 807-1228,Personal: ebradley618@kcloud.com,Passport: F14668538 - Exp: Oct 2101,Driver's License: H06IXVJ6 - Exp: Aug 2104,"Home: 4541 Kim Shoals, Jacquelineville, NJ - 08220",White 1995 Oldsmobile Silhouette - Van/Minivan - PWE-9054,"Bank Account (343332232): $9,509.88",,Married,Jeffrey Johnson (2080 - 2100),Bradley,"[Pb7e2, Pfade, P064d, P46b9]","[P4070, P6c3a]",Denise Samantha Bradley (2052 -  ),David Robert Bradley (2048 -  ),Story Beat Studios (2093) - Entertainment: Film / TV,Employee: General,"[AutoPath Rentals (2062) - Automotive: Rental, Drive Parts (2099) - Automotive: Suppliers, FeastSip Bread (2099) - Food and Beverage: Bakery, Star Beat Journal (2098) - Entertainment: Journalism]",True,Denise Bradley and David Bradley,True,True,True,Early Young Adult,Erin Stacy Johnson,Staci Johnson,Mrs.,F,Male,24.7,139 lbs,"5' 3""",2074 -  ,B-
P4070,Male,James,Mark,Bradley,,014-78-5474,Heterosexual,29,1,2070-12-16,12:33 PM,,Black,Unkempt,Brown,75.3,193.0,BAdd,Enjoys sappy love songs played on the radio,"Charismatic, Farsighted, Faithful",Huried,"Well-meaning, Greedy, Uncaring",Cell: (251) 377-1430,Personal: bradley553@kmail.com,Passport: X99217538 - Exp: Oct 2109,Driver's License: X71FDMO7 - Exp: May 2107,"Home: 3753 Shaw Trail, Nancyview, NJ - 07084","Gray 2006 Mercedes-Benz E-Class - Sedan, Wagon - 217400","Bank Account (717022402): $15,647.47",,Married,Amanda Nancy Holland (2065 -  ),,[Pfadc],"[P42fb, P6c3a]",Denise Samantha Bradley (2052 -  ),David Robert Bradley (2048 -  ),Invest Wise Invest (2093) - Finance: Investment Firm,Employee: General,"[Market Store Quick (2092) - Retail: Convenience, SelectPlace Trade (2099) - Retail: Wholesale]",True,Denise Bradley and David Bradley,True,True,True,Early Young Adult,James Mark Bradley,James Bradley,Mr.,M,Female,23.9,193 lbs,"6' 3""",2070 -  ,B-
P6c3a,Male,Kevin,Eugene,Bradley,,285-98-2893,Heterosexual,27,1,2072-02-19,10:30 PM,,Black,Frizzy,Amber,70.6,160.4,BADD,Body language doesn't match words spoken,"Nonauthoritarian, Calm, Hearty",Stern,"Tasteless, Crass, Apathetic",Cell: (863) 369-8404,Personal: bradley737@yakoo.com,Passport: M11942877 - Exp: Aug 2107,Driver's License: H36REUU1 - Exp: May 2103,"Home: 233 Norman Court, East Wendy, NJ - 08108",Blue 2011 MAZDA MX-5 Miata - Convertible - 148 NDU,"Bank Account (383652356): $15,336.14","Animal(name='Snuggle', animal_type='Rodent', breed='Mongolian Gerbil', age=0, gender='Male')",Single,,,[],"[P42fb, P4070]",Denise Samantha Bradley (2052 -  ),David Robert Bradley (2048 -  ),Market Store Quick (2092) - Retail: Convenience,Employee: General,[Style Quest Press (2089) - Entertainment: Journalism],True,Denise Bradley and David Bradley,True,True,True,Early Young Adult,Kevin Eugene Bradley,Kevin Bradley,Mr.,M,Female,22.6,160 lbs,"5' 11""",2072 -  ,B+
P8c06,Male,Nathan,Zachary,Smith,Nate,484-57-7263,Heterosexual,34,1,2065-05-08,02:24 AM,,Black,Flowing,Brown,69.0,170.8,BADD,Holds significant other close,"Trusting, Popular, Observant",Cute,"Cynical, Excitable, Dogmatic",Cell: (882) 237-8672,Personal: nathansmith760@kmail.com,Passport: A73226635 - Exp: Sep 2109,Driver's License: T47ERDC6 - Exp: Apr 2100,"Home: 71326 Sara Throughway, Brownshire, NJ - 07762",White 2005 Volkswagen Golf - Hatchback - ZW3 9931,"Bank Account (098847764): $28,783.63",,Married,Katherine Kelsey Smith (2068 -  ),,"[P36bd, Pcf46, P4699]","[P3b8d, P11a6]",Julie Smith (2058 -  ),Cesar Connor Brown (2051 -  ),Art Beat Sports (2090) - Entertainment: Sports,Employee: General,"[Style Quest Press (2089) - Entertainment: Journalism, Market Store Quick (2092) - Retail: Convenience, SelectPlace Trade (2099) - Retail: Wholesale]",True,Julie Smith and Cesar Brown,True,True,True,Late Young Adult,Nathan Zachary Smith,Nate Smith,Mr.,M,Female,25.2,171 lbs,"5' 9""",2065 -  ,B+
P3b8d,Male,Alexander,Dustin,Smith,Al,234-16-4408,Heterosexual,34,1,2065-02-03,07:17 AM,2100-01-01,Blonde,Wavy,Brown,56.9,189.3,BAdd,Wears mismatched clothing,"Self-defacing, Popular, Felicific",Noncompetitive,"Easily Discouraged, Cautious, Forgetful",Cell: (757) 348-0220,Personal: alexandersmith@yakoo.com,Passport: A09807555 - Exp: Sep 2108,Driver's License: K71VIBE1 - Exp: Mar 2106,"Home: 98537 Salazar Shoal - Suite 087, New Chadstad, NJ - 08456",,"Bank Account (163746645): $18,910.36","Animal(name='Boomer', animal_type='Dog', breed='Drever', age=5, gender='Male')",Single,,,[],"[P8c06, P11a6]",Julie Smith (2058 -  ),Cesar Connor Brown (2051 -  ),EducatePlace Center (2045) - Education: Community College,Employee: General,"[Market Store Quick (2092) - Retail: Convenience, SelectPlace Trade (2099) - Retail: Wholesale, EducateCenter School (2095) - Education: Public K-6]",False,Julie Smith and Cesar Brown,True,True,True,Late Young Adult (Deceased),Alexander Dustin Smith,Al Smith,Mr.,M,Female,41.1,189 lbs,"4' 9""",2065 - 2100,B-
P11a6,Female,Tina,,Smith,Christina,499-40-5486,Heterosexual,26,1,2073-06-20,11:43 AM,,Blonde,Frizzy,Brown,60.1,141.1,BAdd,Wears sleeves long with thumb holes to cover lower part of palm,"Responsive, Sharing, Good-natured",Mystical,"Crazy, Weak, Escapist",Cell: (715) 212-9072,Personal: tsmith379@kmail.com,Passport: J64481849 - Exp: Jan 2101,Driver's License: Y48QPXK7 - Exp: Sep 2099,"Home: 5989 Nicholas Causeway, East Lisahaven, NJ - 07256",,"Bank Account (205892269): $5,230.63",,Married,Patrick Adam Smith (2070 -  ),Smith,[P16c5],"[P8c06, P3b8d]",Julie Smith (2058 -  ),Cesar Connor Brown (2051 -  ),Story Beat Studios (2093) - Entertainment: Film / TV,Employee: General,"[Sound Quest Music (2099) - Entertainment: Music, Star Beat Journal (2098) - Entertainment: Journalism, Style Quest Press (2089) - Entertainment: Journalism]",True,Julie Smith and Cesar Brown,True,True,True,Early Young Adult,Tina Smith,Christina Smith,Mrs.,F,Male,27.5,141 lbs,"5' 0""",2073 -  ,B-
Pfb5f,Male,Michael,Gregory,Zuniga,Greg,299-22-7074,Heterosexual,25,1,2074-03-16,12:52 PM,,Black,Wavy,Blue,77.3,151.4,AODd,Pinches lips together tightly,"Imaginative, Venturesome, Logical",Stubborn,"Unprincipled, Regimental, Shallow",Cell: (643) 939-4064,Personal: mzuniga@yakoo.com,Passport: F09740336 - Exp: Dec 2109,Driver's License: K35KEXX0 - Exp: Dec 2106,"Home: 616 Mcneil Lane, Johnsontown, NJ - 07501",Red 2002 Chevrolet Silverado 2500 HD Regular Cab - Pickup - 28C JP9,"Bank Account (174584001): $10,515.38",,Single,,,[],"[P04c7, Pd5a5, P479d]",Christina Audrey Zuniga (2049 -  ),Philip Steven Zuniga (2052 - 2100),Well Hub Heal (2098) - Healthcare: Rehabilitation,Employee: General,"[Style Quest Press (2089) - Entertainment: Journalism, SelectPlace Trade (2099) - Retail: Wholesale, EducateCenter School (2095) - Education: Public K-6]",True,Christina Zuniga and Philip Zuniga,True,True,True,Early Young Adult,Michael Gregory Zuniga,Greg Zuniga,Mr.,M,Female,17.8,151 lbs,"6' 5""",2074 -  ,A+
P04c7,Female,Katherine,Kelsey,Smith,Lena,360-08-6203,Heterosexual,31,1,2068-05-21,04:31 PM,,Black,Touseled,Green,68.3,145.9,AOdD,Grins sideways,"Seraphic, Elegant, Companionly",Mystical,"Discourteous, Prim, Naive",Cell: (843) 307-1843,Personal: kzuniga@kcloud.com,Passport: U49695006 - Exp: Sep 2103,Driver's License: Y60DIMG4 - Exp: Jul 2103,"Home: 71326 Sara Throughway, Brownshire, NJ - 07762",Black 1996 Lexus SC - Coupe - 1-9872J,"Bank Account (018464106): $2,544.75","Animal(name='PJ', animal_type='Dog', breed='Kerry Blue Terrier', age=12, gender='Male')",Married,Nathan Zachary Smith (2065 -  ),Zuniga,"[P36bd, Pcf46, P4699]","[Pfb5f, Pd5a5, P479d]",Christina Audrey Zuniga (2049 -  ),Philip Steven Zuniga (2052 - 2100),Market Store Quick (2092) - Retail: Convenience,Employee: General,"[FeastSip Bread (2099) - Food and Beverage: Bakery, Star Beat Journal (2098) - Entertainment: Journalism]",True,Christina Zuniga and Philip Zuniga,True,True,True,Late Young Adult,Katherine Kelsey Smith,Lena Smith,Mrs.,F,Male,22.0,146 lbs,"5' 8""",2068 -  ,A+
Pd5a5,Female,Nicole,,Holland,Nole,649-57-3355,Heterosexual,22,1,2077-03-01,02:15 AM,,Brown,Unkempt,Green,71.4,171.4,AODd,Wears clothing with sarcastic sayings,"Benevolent, Romantic, Selfless",Irreverent,"Small-thinking, Dirty, Apathetic",Cell: (198) 714-8695,Personal: nicolezuniga133@hokmail.com,Passport: L18616047 - Exp: Nov 2103,Driver's License: N54PYWU8 - Exp: Jun 2104,"Home: 572 Ashley Mountain, Alyssachester, NJ - 07488",Gray 1992 Mercedes-Benz 300 SD - Sedan - VJX 361,"Bank Account (001504980): $26,823.44",,Married,Martin Robert Holland (2075 -  ),Zuniga,"[P889b, P8ac0, P739e]","[Pfb5f, P04c7, P479d]",Christina Audrey Zuniga (2049 -  ),Philip Steven Zuniga (2052 - 2100),Market Store Quick (2092) - Retail: Convenience,Manager: General,"[Sound Quest Music (2099) - Entertainment: Music, FeastSip Bread (2099) - Food and Beverage: Bakery, Star Beat Journal (2098) - Entertainment: Journalism, Style Quest Press (2089) - Entertainment: Journalism]",True,Christina Zuniga and Philip Zuniga,True,True,True,Early Young Adult,Nicole Holland,Nole Holland,Mrs.,F,Male,23.6,171 lbs,"5' 11""",2077 -  ,A+
P479d,Female,Teresa,Kathy,Zuniga,Tess,352-43-9799,Homosexual,27,1,2072-04-27,05:34 PM,,Brown,Spiky,Brown,69.5,130.2,AOdD,Over enunciates,"Sane, Logical, Planful",Cute,"Obvious, Irrational, Paranoid",Cell: (416) 463-0164,Personal: teresazuniga762@hokmail.com,Passport: Y03283475 - Exp: Aug 2104,Driver's License: F26BWQG6 - Exp: Aug 2104,"Home: 7468 Smith Estate, Josephville, NJ - 07163","White 2006 Lamborghini Murcielago - Convertible, Coupe - 244 2XL","Bank Account (905444877): $3,142.56",,Married,Virginia Elizabeth Johnson (2074 -  ),,"[P9a9e, Pb9f1]","[Pfb5f, P04c7, Pd5a5]",Christina Audrey Zuniga (2049 -  ),Philip Steven Zuniga (2052 - 2100),Market Store Quick (2092) - Retail: Convenience,Employee: General,"[Invest Wise Invest (2093) - Finance: Investment Firm, Drive Parts (2099) - Automotive: Suppliers, Sound Quest Music (2099) - Entertainment: Music, FeastSip Bread (2099) - Food and Beverage: Bakery, Style Quest Press (2089) - Entertainment: Journalism]",True,Christina Zuniga and Philip Zuniga,True,True,True,Early Young Adult,Teresa Kathy Zuniga,Tess Zuniga,Mrs.,F,Female,18.9,130 lbs,"5' 10""",2072 -  ,A+
Pcc0c,Female,Stacy,Rebecca,Marshall,Becky,122-29-5210,Bisexual,29,1,2070-09-02,12:10 AM,,Black,Wavy,Brown,60.6,153.1,AADd,Blushes a lot,"Knowledge, Good-natured, Patriotic",Placid,"Opinionated, Confused, Unimaginative",Cell: (137) 851-0264,Personal: stacymarshall963@yakoo.com,Passport: D01417093 - Exp: Feb 2107,Driver's License: D37KZSL5 - Exp: Jun 2101,"Home: 629 Hutchinson Vista, East Brittany, NJ - 07269",Gray 2010 MAZDA Tribute - SUV - 825 YCN,"Bank Account (702175765): $22,262.87",,Single,,,[],[Pefb3],David Michael Marshall (2045 -  ),Monique Donna Marshall (2049 -  ),,Unemployed,"[Drive Parts (2099) - Automotive: Suppliers, FeastSip Bread (2099) - Food and Beverage: Bakery, Star Beat Journal (2098) - Entertainment: Journalism]",True,Mikey Marshall and Dona Marshall,True,True,False,Early Young Adult,Stacy Rebecca Marshall,Becky Marshall,Ms.,F,Male,29.3,153 lbs,"5' 1""",2070 -  ,A+
Pefb3,Male,Seth,William,Marshall,,747-14-4206,Heterosexual,33,1,2066-04-13,06:53 AM,,Blonde,Touseled,Brown,72.8,135.3,AAdD,Quotes well-known literary works,"Playful, Prudent, Balanced",Soft,"Excitable, Sloppy, Regimental",Cell: (487) 596-4414,Personal: smarshall283@hokmail.com,Passport: K42070008 - Exp: Dec 2101,Driver's License: W30IWNX3 - Exp: Jul 2107,"Home: 8174 Medina Turnpike - Suite 062, Port Deborah, NJ - 07864",,"Bank Account (999447902): $25,587.05","Animal(name='Tasha', animal_type='Cat', breed='Oriental Longhair', age=14, gender='Female')",Single,,,[],[Pcc0c],David Michael Marshall (2045 -  ),Monique Donna Marshall (2049 -  ),,Unemployed,[SelectPlace Trade (2099) - Retail: Wholesale],True,Mikey Marshall and Dona Marshall,True,True,False,Late Young Adult,Seth William Marshall,Seth Marshall,Mr.,M,Female,17.9,135 lbs,"6' 1""",2066 -  ,A+
Pe50c,Female,Virginia,Elizabeth,Johnson,,535-11-8225,Homosexual,25,1,2074-12-07,04:45 AM,,Blonde,Frizzy,Green,66.4,135.9,AODD,Flexing fingers,"Freethinking, Humble, Wise",Hypnotic,"Unconvincing, Loquacious, Mealymouthed",Cell: (525) 540-1050,Personal: virginiajohnson275@kol.com,Passport: O09464506 - Exp: Sep 2105,Driver's License: G83IONT6 - Exp: Jun 2107,"Home: 7468 Smith Estate, Josephville, NJ - 07163",Brown 1993 Chevrolet Sportvan G10 - Van/Minivan - 3-9401L,"Bank Account (259411746): $10,973.71","Animal(name='Phoenix', animal_type='Bird', breed='Society Finch', age=9, gender='Male')",Married,Teresa Kathy Zuniga (2072 -  ),,"[P9a9e, Pb9f1]",[P950a],William Victor Johnson (2045 -  ),Amber Laura Johnson (2060 -  ),,Unemployed,"[Sound Quest Music (2099) - Entertainment: Music, FeastSip Bread (2099) - Food and Beverage: Bakery, Star Beat Journal (2098) - Entertainment: Journalism, Style Quest Press (2089) - Entertainment: Journalism]",True,Will Johnson and Amber Johnson,True,True,False,Early Young Adult,Virginia Elizabeth Johnson,Virginia Johnson,Mrs.,F,Female,21.7,136 lbs,"5' 6""",2074 -  ,A+
P950a,Male,Mark,Brian,Johnson,Bryant,334-40-6387,Heterosexual,34,1,2065-09-22,09:27 AM,,Brown,Straight,Brown,70.8,221.4,AODD,Hugs arms around himself/herself,"Contemplative, Accessible, Faithful",Solemn,"Angry, Astigmatic, Messy",Cell: (927) 624-8662,Personal: mjohnson@kmail.com,Passport: M33097426 - Exp: Jun 2102,Driver's License: D18TDRC3 - Exp: Feb 2107,"Home: 701 Linda Flat - Apt. 607, West Heather, NJ - 07794",Red 2012 MAZDA CX-7 - SUV - KMO6312,"Bank Account (899336581): $17,666.91",,Single,,,[],[Pe50c],William Victor Johnson (2045 -  ),Amber Laura Johnson (2060 -  ),,Unemployed,"[Taste Bite Beverage (2098) - Food and Beverage: Beverage Manufacture, Style Quest Press (2089) - Entertainment: Journalism, SelectPlace Trade (2099) - Retail: Wholesale, EducateCenter School (2095) - Education: Public K-6]",True,Will Johnson and Amber Johnson,True,True,False,Late Young Adult,Mark Brian Johnson,Bryant Johnson,Mr.,M,Female,31.1,221 lbs,"5' 11""",2065 -  ,A+
P1f83,Male,Alan,Jonathan,Smith,Al,301-95-1729,Homosexual,38,1,2061-02-15,12:14 PM,,Brown,Frizzy,Brown,80.7,171.2,ABDD,Closes eyes briefly when music is heard,"Deep, Teacherly, Directed",Impersonal,"Tactless, Blunt, Unstable",Cell: (286) 192-3345,Personal: alanrhodes61@hokmail.com,Passport: U17027731 - Exp: Jan 2105,Driver's License: I27MGZO5 - Exp: Nov 2103,"Home: 625 Collins Via - Apt. 953, Nortonport, NJ - 08599",,"Bank Account (295453803): $23,219.79",,Married,Zachary William Smith (2078 -  ),Rhodes,"[P876f, P01d4]",[Pe3df],Frederick Rhodes (2041 - 2100),Daniel Jonathan Rhodes (2048 -  ),,Unemployed,[SelectPlace Trade (2099) - Retail: Wholesale],True,Rick Rhodes and Daniel Rhodes,True,True,False,Late Young Adult,Alan Jonathan Smith,Al Smith,Mr.,M,Male,18.5,171 lbs,"6' 9""",2061 -  ,AB+
Pe3df,Male,Raymond,Steven,Rhodes,Stevie,004-32-0879,Heterosexual,21,1,2078-10-14,01:04 PM,2100-01-01,Black,Unkempt,Brown,72.7,175.2,BODD,Can't eat around a stranger,"Self-defacing, Observant, Forthright",Intense,"Power-hungry, Unrealistic, Bizarre",Cell: (855) 314-6328,Personal: raymondrhodes265@yakoo.com,Passport: P05007276 - Exp: Aug 2106,Driver's License: N16PNHC4 - Exp: Jul 2101,"Home: 999 Chad Views, Port Ashley, NJ - 07892",,"Bank Account (135981503): $21,984.09",,Single,,,[],[P1f83],Frederick Rhodes (2041 - 2100),Daniel Jonathan Rhodes (2048 -  ),,Unemployed,"[Style Quest Press (2089) - Entertainment: Journalism, SelectPlace Trade (2099) - Retail: Wholesale, EducateCenter School (2095) - Education: Public K-6]",False,Rick Rhodes and Daniel Rhodes,True,True,False,Early Young Adult (Deceased),Raymond Steven Rhodes,Stevie Rhodes,Mr.,M,Female,23.3,175 lbs,"6' 1""",2078 - 2100,B+
P876f,Male,Joshua,,Smith,Joe,796-18-8079,Unknown,2,0,2097-04-24,04:33 AM,,Blonde,Spiky,Hazel,69.5,187.7,AADD,,,,,,,,,,,,,,,,[],[P01d4],Zachary William Smith (2078 -  ),Alan Jonathan Smith (2061 -  ),,,,True,Willy Smith and Al Smith,False,False,False,Toddler,Joshua Smith,Joe Smith,Mr.,M,Female,27.3,188 lbs,"5' 10""",2097 -  ,A+
P01d4,Male,John,Leroy,Smith,,396-29-3990,Bisexual,19,0,2080-12-19,09:56 AM,2100-01-01,Black,Frizzy,Blue,71.7,172.7,ABdD,Wears bright red lipstick,"Benevolent, Honest, Honorable",Undemanding,"Meretricious, Venal, Calculating",Cell: (682) 665-0119,Personal: smith621@kmail.com,Passport: Z29642462 - Exp: Feb 2101,Driver's License: D50JMJK8 - Exp: Apr 2103,"Home: 47518 Lopez Roads - Suite 727, New Patrick, NJ - 07960",White 2004 Ford Thunderbird - Convertible - DPD4784,"Bank Account (462607829): $17,425.95",,Single,,,[],[P876f],Zachary William Smith (2078 -  ),Alan Jonathan Smith (2061 -  ),,Unemployed,"[Sound Quest Music (2099) - Entertainment: Music, Market Store Quick (2092) - Retail: Convenience, SelectPlace Trade (2099) - Retail: Wholesale, EducateCenter School (2095) - Education: Public K-6]",False,Willy Smith and Al Smith,True,True,False,Late Teen (Deceased),John Leroy Smith,John Smith,Mr.,M,Female,23.6,173 lbs,"6' 0""",2080 - 2100,AB+
P889b,Female,Jessica,Melody,Holland,,589-90-1086,Heterosexual,17,0,2082-10-11,06:54 PM,,Blonde,Flowing,Brown,58.2,149.2,BODD,Walks with erect posture,"Selfless, Cooperative, Painstaking",Unchanging,"Strong-willed, Regimental, Puritanical",Cell: (384) 945-3858,Personal: jessicaholland@kmail.com,Passport: E18221475 - Exp: Jul 2108,,,,,,,,,[],"[P8ac0, P739e]",Martin Robert Holland (2075 -  ),Nicole Holland (2077 -  ),,Unemployed,[Style Quest Press (2089) - Entertainment: Journalism],True,Martin Holland and Nole Holland,True,True,False,Late Teen,Jessica Melody Holland,Jessica Holland,Ms.,F,Male,31.0,149 lbs,"4' 10""",2082 -  ,B+
P8ac0,Male,Frank,Ryan,Holland,Ry,355-61-1777,Unknown,-1,0,2100-07-26,10:26 PM,,White,Wavy,Brown,64.7,188.5,BODd,,,,,,,,,,,,,,,,[],"[P889b, P739e]",Martin Robert Holland (2075 -  ),Nicole Holland (2077 -  ),,,,True,Martin Holland and Nole Holland,False,False,False,,Frank Ryan Holland,Ry Holland,Mr.,M,Female,31.7,188 lbs,"5' 5""",2100 -  ,B+
P739e,Female,Angela,,Holland,,147-06-4945,Heterosexual,15,0,2084-07-17,09:26 PM,2099-07-27,Black,Curly,Hazel,60.0,154.7,BADD,Walks with erect posture,"Focused, Clear-headed, Liberal",Preoccupied,"Uncreative, Unrestrained, Excitable",Cell: (236) 228-8148,Personal: aholland@hokmail.com,Passport: L57704235 - Exp: Dec 2104,,,,,,,,,[],"[P889b, P8ac0]",Martin Robert Holland (2075 -  ),Nicole Holland (2077 -  ),,,[],False,Martin Holland and Nole Holland,False,False,False,Late Teen (Deceased),Angela Holland,Angela Holland,Ms.,F,Male,30.2,155 lbs,"5' 0""",2084 - 2099,B+
Pb7e2,Male,Dan,David,Johnson,Dave,479-11-1412,Unknown,6,0,2093-09-27,03:08 AM,2100-01-01,Brown,Curly,Hazel,79.3,217.3,AAdd,,,,,,,,,,,,,,,,[],"[Pfade, P064d, P46b9]",Jeffrey Johnson (2080 - 2100),Erin Stacy Johnson (2074 -  ),,,,False,Geoff Johnson and Staci Johnson,False,False,False,Early Childhood (Deceased),Dan David Johnson,Dave Johnson,Mr.,M,Female,24.3,217 lbs,"6' 7""",2093 - 2100,A-
Pfade,Male,Terry,Jeremy,Johnson,Jezza,617-25-7750,Unknown,7,0,2092-11-24,12:59 AM,,Brown,Flowing,Brown,62.5,154.5,BBDd,,,,,,,,,,,,,,,,[],"[Pb7e2, P064d, P46b9]",Jeffrey Johnson (2080 - 2100),Erin Stacy Johnson (2074 -  ),,,,True,Geoff Johnson and Staci Johnson,False,False,False,Early Childhood,Terry Jeremy Johnson,Jezza Johnson,Mr.,M,Female,27.8,154 lbs,"5' 2""",2092 -  ,B+
P064d,Male,Casey,Shane,Johnson,K.C.,032-13-7315,Bisexual,19,0,2080-02-04,03:05 PM,,Black,Flowing,Hazel,70.5,177.5,AADd,Talks about obscure music artists,"Personable, Extraordinary, Caring",Breezy,"Obnoxious, Undisciplined, Conceited",Cell: (778) 127-0298,Personal: caseyjohnson@yakoo.com,Passport: G20280244 - Exp: Sep 2107,Driver's License: F92AEVO8 - Exp: Oct 2098,"Home: 9683 Castillo Shore, West James, NJ - 08385","Black 2001 Saturn S-Series - Coupe, Sedan, Wagon - 736-JVG","Bank Account (988940682): $3,664.84",,Single,,,[],"[Pb7e2, Pfade, P46b9]",Jeffrey Johnson (2080 - 2100),Erin Stacy Johnson (2074 -  ),,Unemployed,"[Style Quest Press (2089) - Entertainment: Journalism, SelectPlace Trade (2099) - Retail: Wholesale]",True,Geoff Johnson and Staci Johnson,True,True,False,Late Teen,Casey Shane Johnson,K.C. Johnson,Mr.,M,Female,25.1,178 lbs,"5' 10""",2080 -  ,A+
P46b9,Male,Jason,James,Johnson,Jimmie,099-59-5715,Unknown,12,0,2087-05-10,09:16 PM,,Black,Straight,Hazel,75.8,138.2,BBDd,,,,,,,,,,,,,,,,[],"[Pb7e2, Pfade, P064d]",Jeffrey Johnson (2080 - 2100),Erin Stacy Johnson (2074 -  ),,,,True,Geoff Johnson and Staci Johnson,False,False,False,Early Teen,Jason James Johnson,Jimmie Johnson,Mr.,M,Female,16.9,138 lbs,"6' 4""",2087 -  ,B+
P36bd,Female,Patricia,,Smith,,127-55-9304,Unknown,2,0,2097-03-22,08:24 AM,,Brown,Straight,Brown,69.6,133.1,AODd,,,,,,,,,,,,,,,,[],"[Pcf46, P4699]",Nathan Zachary Smith (2065 -  ),Katherine Kelsey Smith (2068 -  ),,,,True,Nate Smith and Lena Smith,False,False,False,Toddler,Patricia Smith,Patricia Smith,Ms.,F,Male,19.3,133 lbs,"5' 10""",2097 -  ,A+
Pcf46,Male,David,Dennis,Smith,,662-46-1789,Unknown,0,0,2099-06-27,03:29 AM,,Black,Straight,Hazel,63.2,199.0,BADD,,,,,,,,,,,,,,,,[],"[P36bd, P4699]",Nathan Zachary Smith (2065 -  ),Katherine Kelsey Smith (2068 -  ),,,,True,Nate Smith and Lena Smith,False,False,False,Infant,David Dennis Smith,David Smith,Mr.,M,Female,35.0,199 lbs,"5' 3""",2099 -  ,B+
P4699,Female,Ann,Lisa,Smith,,058-08-0567,Unknown,5,0,2094-01-24,11:39 AM,,Blonde,Curly,Amber,59.5,138.3,BADD,,,,,,,,,,,,,,,,[],"[P36bd, Pcf46]",Nathan Zachary Smith (2065 -  ),Katherine Kelsey Smith (2068 -  ),,,,True,Nate Smith and Lena Smith,False,False,False,Early Childhood,Ann Lisa Smith,Ann Smith,Ms.,F,Male,27.5,138 lbs,"5' 0""",2094 -  ,B+
P9a9e,Female,Terri,Diana,Zuniga,Teri,635-26-9751,Heterosexual,18,0,2081-02-19,06:39 PM,,Blonde,Straight,Brown,57.0,136.4,AAdD,Twiddling thumbs,"Precise, Allocentric, Practical",Dreamy,"Indulgent, Domineering, Unreflective",Cell: (427) 612-5126,Personal: terrizuniga219@hokmail.com,Passport: D15790839 - Exp: Jan 2105,Driver's License: R24ZYKM5 - Exp: Jul 2105,"Home: 630 Glenn Knolls, Julieton, NJ - 08839",,"Bank Account (991808664): $21,297.53","Animal(name='Bubble', animal_type='Fish', breed='Betta Fish', age=6, gender='Female')",Single,,,[],[Pb9f1],Teresa Kathy Zuniga (2072 -  ),Virginia Elizabeth Johnson (2074 -  ),,Unemployed,"[Drive Parts (2099) - Automotive: Suppliers, Star Beat Journal (2098) - Entertainment: Journalism]",True,Tess Zuniga and Virginia Johnson,True,True,False,Late Teen,Terri Diana Zuniga,Teri Zuniga,Ms.,F,Male,29.5,136 lbs,"4' 9""",2081 -  ,A+
Pb9f1,Female,Melissa,Melissa,Zuniga,Lisa,619-22-0937,Unknown,2,0,2097-12-20,03:05 PM,,Brown,Frizzy,Brown,63.5,150.4,AADD,,,,,,,,,,,,,,,,[],[P9a9e],Teresa Kathy Zuniga (2072 -  ),Virginia Elizabeth Johnson (2074 -  ),,,,True,Tess Zuniga and Virginia Johnson,False,False,False,Toddler,Melissa Melissa Zuniga,Lisa Zuniga,Ms.,F,Male,26.2,150 lbs,"5' 4""",2097 -  ,A+
