id,gender,first_name,middle_name,last_name,nickname,ssn,sexual_orientation,age,generation,date_of_birth,time_of_birth,date_of_death,hair_color,hair_type,eye_color,height,weight,mannerisms,passport,phone_number,email,home,vehicle,drivers_license,marital_status,spouse,age_group,full_name,title,gender_abbr,format_weight,format_height,vehicle_details
P00001,Male,Donald,Adam,Brown,Dony,894-54-6794,Heterosexual,4,0,2095-03-30,11:51 PM,,Brown,Curly,Hazel,67.0,162.4,,,,,,,,Single,,,,,,,,
P00002,Male,Stephen,Eric,Green,Steve,869-91-5698,Heterosexual,14,0,2085-08-08,05:15 PM,,Black,Frizzy,Hazel,76.4,176.4,Taps fingernails on surface,"Passport(number='R23484978', issue_date=datetime.date(2094, 10, 5), exp_date=datetime.date(2104, 10, 5))",Cell: (111) 971-0521,Personal: sgreen85@yakoo.com,,,,Single,,,,,,,,
P00003,Male,Anthony,Nicholas,English,,658-15-7755,Heterosexual,10,0,2089-01-31,11:15 AM,,Black,Unkempt,Green,69.6,161.8,,,,,,,,Single,,,,,,,,
P00004,Male,Mario,David,Luna,Dave,780-02-5920,Heterosexual,12,0,2087-05-28,07:13 AM,,Blonde,Wavy,Brown,62.7,178.1,,,,,,,,Single,,,,,,,,
P00005,Male,Alexander,George,Carter,Alec,340-16-3979,Heterosexual,9,0,2090-01-06,09:53 AM,,Blonde,Curly,Brown,63.0,185.8,,,,,,,,Single,,,,,,,,
P00006,Female,Aimee,Theresa,Cruz,Tessie,236-97-1249,Heterosexual,3,0,2096-08-10,05:33 AM,,Black,Wavy,Brown,58.6,154.5,,,,,,,,Single,,,,,,,,
P00007,Male,Wyatt,Gregory,Calhoun,,263-34-6841,Heterosexual,13,0,2086-01-13,09:24 AM,,Black,Flowing,Brown,82.6,168.5,Knees knocking,"Passport(number='C48065093', issue_date=datetime.date(2098, 6, 28), exp_date=datetime.date(2108, 6, 28))",Cell: (728) 189-4697,Personal: wyattcalhoun113@hokmail.com,,,,Single,,,,,,,,
P00008,Male,Edwin,Dustin,Bond,,826-11-3869,Heterosexual,23,1,2076-10-31,06:10 AM,,Black,Straight,Amber,79.4,150.1,Offers unnecessary details,"Passport(number='N34028235', issue_date=datetime.date(2093, 12, 12), exp_date=datetime.date(2103, 12, 12))",Cell: (394) 207-0262,Personal: edwinbond76@kmail.com,"Home: 688 Nguyen Roads, New Christiechester, MD - 20901","Gray 2016 Bentley Continental - Convertible, Coupe - 4UG W46","DriversLicense(number='R50KOQO7', issue_date=datetime.date(2094, 9, 25), exp_date=datetime.date(2102, 9, 25), restrictions='B - Corrective Lenses')",Single,,,,,,,,
P00009,Male,John,Anthony,King,,472-19-0444,Heterosexual,30,1,2069-04-09,08:46 PM,,Brown,Frizzy,Amber,69.7,181.1,Pauses while speaking a lot,"Passport(number='E92727261', issue_date=datetime.date(2091, 7, 30), exp_date=datetime.date(2101, 7, 30))",Cell: (849) 897-9272,Personal: jking110@hokmail.com,"Home: 490 Amy Landing, West Jose, DC - 20022",Gray 2006 Suzuki Verona - Sedan - TY 03557,"DriversLicense(number='G33EPLC6', issue_date=datetime.date(2092, 8, 27), exp_date=datetime.date(2100, 8, 27), restrictions='B - Corrective Lenses')",Single,,,,,,,,
P00010,Male,Nicholas,Steven,Perez,,270-98-1851,Heterosexual,56,1,2078-09-13,11:24 PM,2135-02-27,Blonde,Straight,Brown,78.5,177.2,Looks at watch often,"Passport(number='Q35553420', issue_date=datetime.date(2091, 4, 1), exp_date=datetime.date(2101, 4, 1))",Cell: (506) 136-6246,Personal: nicholasperez353@hokmail.com,"Home: 03833 King Union, Josephhaven, IN - 46496",Silver 2010 Porsche Cayenne - SUV - 71S W27,"DriversLicense(number='U44DRGE2', issue_date=datetime.date(2090, 7, 2), exp_date=datetime.date(2098, 7, 2), restrictions='None')",Single,,,,,,,,
P00011,Male,Anthony,Colton,Kennedy,Tony,563-28-3829,Heterosexual,61,1,2066-11-09,01:09 AM,2128-02-19,Brown,Touseled,Brown,72.6,168.6,Rests head in hands,"Passport(number='Y16714222', issue_date=datetime.date(2091, 8, 6), exp_date=datetime.date(2101, 8, 6))",Cell: (768) 357-2186,Personal: akennedy119@kol.com,"Home: 7428 Donna Rapids, North Melissahaven, NJ - 08449",Black 2015 Audi A6 - Sedan - 00V GM9,"DriversLicense(number='D18DWLD1', issue_date=datetime.date(2098, 8, 25), exp_date=datetime.date(2106, 8, 25), restrictions='None')",Single,,,,,,,,
P00012,Female,Stephanie,Breanna,Barnes,Steffi,262-82-4653,Heterosexual,30,1,2069-04-22,08:00 PM,,Brown,Frizzy,Brown,70.8,135.0,Moves quickly from one task to another,"Passport(number='M56016935', issue_date=datetime.date(2094, 3, 30), exp_date=datetime.date(2104, 3, 30))",Cell: (556) 117-9712,Personal: sbarnes@kol.com,"Home: 37769 Shawna Flats - Apt. 064, Patriciamouth, ME - 04507",Blue 2007 GMC Acadia - SUV - KY-7427,"DriversLicense(number='M10NWXD1', issue_date=datetime.date(2099, 10, 25), exp_date=datetime.date(2107, 10, 25), restrictions='B - Corrective Lenses')",Single,,,,,,,,
P00013,Male,Maxwell,David,Harper,,044-98-8572,Heterosexual,34,1,2065-12-19,09:48 AM,,Black,Frizzy,Blue,62.2,171.7,Wear a sweater/jacket/coat at all times,"Passport(number='H75045146', issue_date=datetime.date(2095, 12, 5), exp_date=datetime.date(2105, 12, 5))",Cell: (477) 719-8210,Personal: maxwellharper520@kol.com,"Home: 49159 Ray Run - Suite 594, Schmidtmouth, LA - 70763",Gray 2004 INFINITI I - Sedan - K55 8BX,"DriversLicense(number='I10QATX2', issue_date=datetime.date(2090, 6, 30), exp_date=datetime.date(2098, 6, 30), restrictions='D - Daytime Only')",Single,,,,,,,,
P00014,Male,Christopher,,Sellers,,341-52-7710,Heterosexual,27,1,2072-03-30,01:07 PM,,Black,Touseled,Brown,64.1,167.9,Compulsively scratches nose,"Passport(number='Y38590649', issue_date=datetime.date(2091, 3, 6), exp_date=datetime.date(2101, 3, 6))",Cell: (361) 310-4222,Personal: sellers916@outkook.com,"Home: 365 Martinez Station, Smithville, VA - 24217","Black 2017 Chevrolet Camaro - Coupe, Convertible - 6426","DriversLicense(number='C83CMUZ1', issue_date=datetime.date(2098, 5, 22), exp_date=datetime.date(2106, 5, 22), restrictions='None')",Single,,,,,,,,
P00015,Female,Alexis,,Jimenez,Lexi,871-92-2463,Heterosexual,47,2,2052-03-15,05:07 PM,,Black,Flowing,Brown,62.5,146.4,Speaks softly,"Passport(number='E21648961', issue_date=datetime.date(2092, 4, 29), exp_date=datetime.date(2102, 4, 29))",Cell: (325) 402-2273,Personal: ajimenez@yakoo.com,"Home: 41858 Larson Mission - Suite 719, Grayborough, MD - 21223",Gray 2009 Audi A5 - Coupe - 127 6CY,"DriversLicense(number='P17MXWH9', issue_date=datetime.date(2097, 8, 8), exp_date=datetime.date(2105, 8, 8), restrictions='None')",Single,,,,,,,,
P00016,Male,Patrick,John,Winters,Ian,725-23-2763,Heterosexual,53,2,2046-04-19,06:26 PM,,Blonde,Straight,Brown,72.6,174.5,Paces back and forth,"Passport(number='V96193568', issue_date=datetime.date(2096, 2, 22), exp_date=datetime.date(2106, 2, 22))",Cell: (213) 232-1371,Personal: pwinters46@hokmail.com,"Home: 7343 Hart Shoals - Apt. 958, Brandonville, DC - 20035","White 2010 BMW M3 - Coupe, Sedan, Convertible - 096 HHG","DriversLicense(number='J84OVIJ3', issue_date=datetime.date(2099, 10, 22), exp_date=datetime.date(2107, 10, 22), restrictions='None')",Single,,,,,,,,
P00017,Female,Heather,Kathryn,Smith,,103-84-4406,Heterosexual,79,2,2055-04-15,08:10 AM,2134-05-04,Brown,Straight,Brown,61.3,154.9,Keeps hands in pockets while walking/sitting,"Passport(number='E22248955', issue_date=datetime.date(2091, 10, 7), exp_date=datetime.date(2101, 10, 7))",Cell: (782) 347-8996,Personal: heathersmith@yakoo.com,"Home: 17601 Conrad Underpass, West Nancy, TX - 77255",Blue 2013 Ford Taurus - Sedan - KDM 914,"DriversLicense(number='I21UGVL3', issue_date=datetime.date(2096, 10, 24), exp_date=datetime.date(2104, 10, 24), restrictions='B - Corrective Lenses')",Single,,,,,,,,
P00018,Female,Heather,Kimberly,Leonard,Hetty,143-53-4605,Heterosexual,50,2,2049-06-21,11:13 AM,,Blonde,Spiky,Brown,70.7,137.1,Tosses hair,"Passport(number='L89046495', issue_date=datetime.date(2091, 3, 26), exp_date=datetime.date(2101, 3, 26))",Cell: (769) 128-6271,Personal: heatherleonard621@kmail.com,"Home: 78475 Davis Fall - Apt. 972, Georgefort, IL - 60922",Red 2016 Nissan Rogue - SUV - 83Z 022,"DriversLicense(number='B66VOHZ0', issue_date=datetime.date(2093, 3, 26), exp_date=datetime.date(2101, 3, 26), restrictions='None')",Single,,,,,,,,
P00019,Male,Brian,,Golden,,679-65-5424,Homosexual,51,2,2048-08-07,05:03 AM,,Brown,Touseled,Brown,68.5,164.6,"Seems to ""zone out"" when music is playing","Passport(number='N20942258', issue_date=datetime.date(2091, 2, 2), exp_date=datetime.date(2101, 2, 2))",Cell: (638) 145-8459,Personal: golden32@hokmail.com,"Home: 268 Stephen Greens, Michelletown, OR - 97166",Silver 1997 Toyota Previa - Van/Minivan - 322-UVK,"DriversLicense(number='X00FYGC0', issue_date=datetime.date(2091, 6, 14), exp_date=datetime.date(2099, 6, 14), restrictions='None')",Single,,,,,,,,
P00020,Female,Cristina,Maria,Lee,,378-86-8816,Heterosexual,45,2,2054-04-22,12:22 AM,,Grey,Touseled,Hazel,62.7,161.7,Changes tone of voice at odd points,"Passport(number='T72385438', issue_date=datetime.date(2099, 5, 14), exp_date=datetime.date(2109, 5, 14))",Cell: (216) 811-9927,Personal: cristinalee@yakoo.com,"Home: 7965 Ward Junction - Suite 046, Nicholasland, CO - 80965",White 2000 Honda Passport - SUV - OHJ 128,"DriversLicense(number='D80NYCN7', issue_date=datetime.date(2095, 3, 30), exp_date=datetime.date(2103, 3, 30), restrictions='B - Corrective Lenses')",Single,,,,,,,,
P00021,Female,Jennifer,,English,Jenni,143-94-6073,Heterosexual,44,2,2055-07-25,06:00 AM,,Blonde,Curly,Brown,61.1,137.1,Hands clasped behind head,"Passport(number='R62111225', issue_date=datetime.date(2093, 8, 4), exp_date=datetime.date(2103, 8, 4))",Cell: (782) 192-0031,Personal: jenniferenglish55@kmail.com,"Home: 31321 Allen Village, Hernandezmouth, TX - 76090","Red 2019 BMW 4 Series - Convertible, Sedan, Coupe - 7EV 910","DriversLicense(number='R94LDXA8', issue_date=datetime.date(2097, 2, 19), exp_date=datetime.date(2105, 2, 19), restrictions='None')",Single,,,,,,,,
P00022,Female,Megan,Lynn,Smith,Meg,441-20-5930,Heterosexual,65,3,2027-04-21,06:59 PM,2092-07-18,Black,Wavy,Brown,63.9,120.9,Speaks softly,"Passport(number='S10359853', issue_date=datetime.date(2090, 6, 28), exp_date=datetime.date(2100, 6, 28))",Cell: (227) 472-3726,Personal: smith605@outkook.com,"Home: 139 Jonathan View, Lake Toddfort, KS - 67264",Orange 1992 Chevrolet 2500 Regular Cab - Pickup - HM 13863,"DriversLicense(number='O60CKDK2', issue_date=datetime.date(2092, 9, 29), exp_date=datetime.date(2100, 9, 29), restrictions='None')",Single,,,,,,,,
P00023,Male,Zachary,,Cobb,,888-51-5907,Heterosexual,70,3,2029-03-04,12:32 PM,,Blonde,Unkempt,Blue,61.0,183.3,Tilts head to the side when listening,"Passport(number='B75076421', issue_date=datetime.date(2092, 6, 10), exp_date=datetime.date(2102, 6, 10))",Cell: (825) 292-6732,Personal: zcobb29@yakoo.com,"Home: 86815 Hale Forest - Suite 269, East Bradley, MT - 59915",Silver 2009 Subaru Tribeca - SUV - 027-UJF,"DriversLicense(number='S44PSJF8', issue_date=datetime.date(2094, 8, 14), exp_date=datetime.date(2102, 8, 14), restrictions='None')",Single,,,,,,,,
P00024,Male,Antonio,Robert,Torres,,720-10-6088,Homosexual,76,3,2023-11-05,11:38 AM,,Brown,Curly,Amber,72.8,154.9,Rests head in hands,"Passport(number='X97042892', issue_date=datetime.date(2097, 6, 27), exp_date=datetime.date(2107, 6, 27))",Cell: (974) 331-4740,Personal: atorres115@kmail.com,"Home: 284 Derek Falls - Apt. 829, Robertsborough, NY - 13907","White 1999 Plymouth Neon - Coupe, Sedan - 53-4278K","DriversLicense(number='A68UHAH5', issue_date=datetime.date(2096, 5, 16), exp_date=datetime.date(2104, 5, 16), restrictions='None')",Single,,,,,,,,
P00025,Male,Andrew,,Henson,,384-34-9955,Heterosexual,73,3,2038-03-12,03:10 PM,2111-09-17,Black,Flowing,Grey,70.7,171.9,Points out when a song is off-key,"Passport(number='M62567578', issue_date=datetime.date(2096, 6, 19), exp_date=datetime.date(2106, 6, 19))",Cell: (339) 261-4884,Personal: andrewhenson312@kmail.com,"Home: 338 Thompson Spur - Suite 871, Port Drewfort, DE - 19856","Black 2014 BMW 3 Series - Wagon, Sedan - WE2 2951","DriversLicense(number='U52BOVN0', issue_date=datetime.date(2096, 3, 30), exp_date=datetime.date(2104, 3, 30), restrictions='B - Corrective Lenses')",Single,,,,,,,,
P00026,Male,Robert,Connor,Hawkins,Billy,563-62-8712,Heterosexual,69,3,2026-06-11,02:45 AM,2095-07-31,Black,Flowing,Blue,69.9,169.3,Refuses to eat non-gourmet food,"Passport(number='A19512872', issue_date=datetime.date(2098, 7, 16), exp_date=datetime.date(2108, 7, 16))",Cell: (719) 495-4537,Personal: rhawkins26@kmail.com,"Home: 5692 Catherine Dale - Suite 939, Port Joshua, MO - 63689","White 2000 Pontiac Grand Am - Sedan, Coupe - 814191","DriversLicense(number='J46GDOA1', issue_date=datetime.date(2091, 12, 17), exp_date=datetime.date(2099, 12, 17), restrictions='None')",Single,,,,,,,,
P00027,Male,Marvin,Eric,Smith,Rick,256-10-3858,Heterosexual,69,3,2030-11-05,05:30 AM,,Brown,Spiky,Brown,75.0,172.7,Speaks multiple languages,"Passport(number='V50260341', issue_date=datetime.date(2096, 2, 27), exp_date=datetime.date(2106, 2, 27))",Cell: (728) 601-1732,Personal: msmith30@kmail.com,"Home: 759 Phillip Port - Apt. 477, Dodsonburgh, OH - 45689","Gray 2007 Chevrolet Corvette - Coupe, Convertible - 403-QCI","DriversLicense(number='B91BJDD8', issue_date=datetime.date(2092, 12, 12), exp_date=datetime.date(2100, 12, 12), restrictions='None')",Single,,,,,,,,
P00028,Male,Jerry,,Villarreal,Jereme,421-54-9966,Heterosexual,60,3,2029-06-03,05:39 AM,2089-08-21,Brown,Unkempt,Green,77.8,160.7,Stands with feet apart,"Passport(number='Q98516370', issue_date=datetime.date(2094, 8, 17), exp_date=datetime.date(2104, 8, 17))",Cell: (929) 395-7078,Personal: jvillarreal@yakoo.com,"Home: 78654 Luna Pine, South Johnnytown, MO - 64869",Green 2004 Acura TSX - Sedan - 2FY 197,"DriversLicense(number='Y51BKVJ1', issue_date=datetime.date(2094, 12, 24), exp_date=datetime.date(2102, 12, 24), restrictions='None')",Single,,,,,,,,
P00029,Female,Stephanie,Jasmine,Campbell,Steffi,468-20-7220,Heterosexual,81,4,2018-12-11,12:32 AM,,Brown,Flowing,Blue,66.5,138.9,Tosses hair,"Passport(number='X82249236', issue_date=datetime.date(2090, 9, 15), exp_date=datetime.date(2100, 9, 15))",Cell: (272) 492-9640,Personal: scampbell18@outkook.com,"Home: 285 Klein Club, New Melanieview, TN - 37354",Black 2013 GMC Yukon XL 1500 - SUV - 388 OLW,"DriversLicense(number='O19LRPR4', issue_date=datetime.date(2098, 12, 24), exp_date=datetime.date(2106, 12, 24), restrictions='None')",Single,,,,,,,,
P00030,Male,Timothy,Michael,Miller,Mick,362-58-2520,Heterosexual,92,4,2007-09-19,02:35 PM,,Blonde,Unkempt,Brown,60.1,170.5,Rocking back and forth on heels,"Passport(number='Y72803500', issue_date=datetime.date(2095, 6, 22), exp_date=datetime.date(2105, 6, 22))",Cell: (272) 898-6479,Personal: tmiller919@kmail.com,"Home: 57333 Richard Street, South Aaron, KY - 41714",Black 2010 Dodge Ram 3500 Crew Cab - Pickup - T31 9OR,"DriversLicense(number='M07IEIH6', issue_date=datetime.date(2090, 10, 9), exp_date=datetime.date(2098, 10, 9), restrictions='B - Corrective Lenses')",Single,,,,,,,,
P00031,Male,William,Timothy,Mahoney,Tim,408-59-0792,Heterosexual,78,4,2014-01-03,01:05 PM,2092-06-19,Blonde,Curly,Hazel,72.3,171.9,Hums/sings to self often,"Passport(number='Y81061496', issue_date=datetime.date(2098, 1, 13), exp_date=datetime.date(2108, 1, 13))",Cell: (283) 955-5407,Personal: wmahoney14@outkook.com,"Home: 82381 James Lakes, Lake Joshuaton, CO - 80829",Red 2010 Ford F150 Super Cab - Pickup - 288 6HP,"DriversLicense(number='Z86WFPF8', issue_date=datetime.date(2098, 7, 22), exp_date=datetime.date(2106, 7, 22), restrictions='None')",Single,,,,,,,,
P00032,Female,Sherri,,Carlson,,741-50-4016,Heterosexual,73,4,2018-02-11,08:11 PM,2091-08-15,Black,Touseled,Hazel,66.8,164.7,Draws in a deep breath and exhales slowly,"Passport(number='J43790918', issue_date=datetime.date(2093, 3, 31), exp_date=datetime.date(2103, 3, 31))",Cell: (755) 998-0620,Personal: scarlson211@kmail.com,"Home: 5803 Aaron Knolls, Craigburgh, NE - 68081","Gray 2008 Nissan 350Z - Coupe, Convertible - 707 LPN","DriversLicense(number='O31ZSHD2', issue_date=datetime.date(2091, 12, 25), exp_date=datetime.date(2099, 12, 25), restrictions='B - Corrective Lenses')",Single,,,,,,,,
P00033,Female,Jennifer,Julie,Hall,Jule,033-01-0162,Heterosexual,67,4,2009-09-08,10:07 AM,2077-03-18,Brown,Spiky,Brown,72.2,147.3,Stands with feet together,"Passport(number='R91535949', issue_date=datetime.date(2093, 7, 18), exp_date=datetime.date(2103, 7, 18))",Cell: (265) 927-9985,Personal: hall651@kmail.com,"Home: 5084 Ashley Valleys - Suite 826, New Catherinehaven, HI - 96853","White 1993 Pontiac Grand Am - Coupe, Sedan - 8Y 7O4MFT","DriversLicense(number='K05TNPU5', issue_date=datetime.date(2094, 10, 4), exp_date=datetime.date(2102, 10, 4), restrictions='B - Corrective Lenses')",Single,,,,,,,,
P00034,Male,Christopher,,Shaw,Kit,848-01-2563,Heterosexual,63,4,2016-11-10,04:30 PM,2079-12-23,Brown,Curly,Green,73.4,186.1,Body language doesn't match words spoken,"Passport(number='J85229701', issue_date=datetime.date(2090, 10, 13), exp_date=datetime.date(2100, 10, 13))",Cell: (701) 572-8490,Personal: christophershaw1110@outkook.com,"Home: 8174 Aguilar Flats - Suite 325, Hillport, NC - 27043","Gray 1998 Ford Taurus - Sedan, Wagon - 0RJ1753","DriversLicense(number='U34LFCJ1', issue_date=datetime.date(2099, 11, 3), exp_date=datetime.date(2107, 11, 3), restrictions='None')",Single,,,,,,,,
P00035,Male,Corey,Timothy,Peters,Timmy,126-49-6126,Heterosexual,63,4,2008-11-13,01:01 AM,2072-09-19,Blonde,Curly,Brown,62.3,162.1,Wear a sweater/jacket/coat at all times,"Passport(number='R27366766', issue_date=datetime.date(2099, 5, 11), exp_date=datetime.date(2109, 5, 11))",Cell: (185) 898-0433,Personal: peters19@kmail.com,"Home: 31182 Kenneth Lock, West Stevenmouth, GA - 30552",Gray 2012 Scion iQ - Hatchback - 0EHD354,"DriversLicense(number='R65XQNL6', issue_date=datetime.date(2093, 1, 11), exp_date=datetime.date(2101, 1, 11), restrictions='None')",Single,,,,,,,,
P00036,Female,Samantha,Rachel,Oconnell,Rachael,219-17-1720,Heterosexual,68,5,1993-11-14,01:07 PM,2062-03-05,Brown,Curly,Brown,62.0,132.3,Oblivious to everyone except one person,"Passport(number='H09489406', issue_date=datetime.date(2097, 9, 25), exp_date=datetime.date(2107, 9, 25))",Cell: (862) 423-9686,Personal: samanthaoconnell@kmail.com,"Home: 855 Ashley Mills - Suite 161, South Kristinchester, AZ - 86301",Silver 2009 Jeep Liberty - SUV - DVN 236,"DriversLicense(number='S62GETZ8', issue_date=datetime.date(2093, 4, 10), exp_date=datetime.date(2101, 4, 10), restrictions='None')",Single,,,,,,,,
P00037,Male,James,,Carter,Jamie,062-04-1572,Heterosexual,115,5,1984-02-21,11:09 PM,,Brown,Flowing,Hazel,69.6,174.2,Mumbles,"Passport(number='X59914225', issue_date=datetime.date(2090, 7, 7), exp_date=datetime.date(2100, 7, 7))",Cell: (677) 902-2889,Personal: jamescarter@kmail.com,"Home: 67412 Reyes Island, Jonathanshire, ME - 04963",Red 1998 Ford Econoline E150 Cargo - Van/Minivan - 304 XJY,"DriversLicense(number='S76CCOF2', issue_date=datetime.date(2098, 1, 14), exp_date=datetime.date(2106, 1, 14), restrictions='B - Corrective Lenses')",Single,,,,,,,,
P00038,Female,Kelly,Monica,Mitchell,Monnie,798-46-7860,Heterosexual,115,5,1984-09-12,06:54 PM,,Black,Wavy,Green,64.9,143.1,Chain smokes,"Passport(number='X11822614', issue_date=datetime.date(2095, 11, 6), exp_date=datetime.date(2105, 11, 6))",Cell: (955) 855-8075,Personal: kmitchell84@kmail.com,"Home: 398 Debra Lights - Suite 296, North Jonathanshire, OK - 73120",Red 1994 Suzuki Samurai - SUV - XJV 381,"DriversLicense(number='R64DHSQ9', issue_date=datetime.date(2094, 4, 28), exp_date=datetime.date(2102, 4, 28), restrictions='None')",Single,,,,,,,,
P00039,Female,Margaret,Sandra,Smith,,086-74-9043,Heterosexual,68,5,1984-09-23,05:49 AM,2053-06-16,Black,Spiky,Blue,64.3,126.1,Tells everyone how much he/she paid for something,"Passport(number='Y43080225', issue_date=datetime.date(2090, 8, 11), exp_date=datetime.date(2100, 8, 11))",Cell: (226) 765-9267,Personal: margaretsmith194@hokmail.com,"Home: 21524 Kaitlin Road, East Frankport, TX - 79987",Black 2004 Ford F350 Super Duty Super Cab - Pickup - 526 JIC,"DriversLicense(number='V80ARLZ7', issue_date=datetime.date(2096, 7, 2), exp_date=datetime.date(2104, 7, 2), restrictions='None')",Single,,,,,,,,
P00040,Female,Lisa,Joy,Becker,,272-24-5037,Heterosexual,59,5,1989-03-03,07:42 AM,2048-04-01,Blonde,Unkempt,Brown,60.1,130.5,Tells jokes to anyone who will listen,"Passport(number='I43448507', issue_date=datetime.date(2095, 8, 31), exp_date=datetime.date(2105, 8, 31))",Cell: (316) 917-7627,Personal: lisabecker33@kcloud.com,"Home: 54697 Bell Forest, North Amberhaven, CT - 06252","Black 2000 Chevrolet Camaro - Coupe, Convertible - 6188 YK","DriversLicense(number='W50EHEU5', issue_date=datetime.date(2095, 1, 4), exp_date=datetime.date(2103, 1, 4), restrictions='None')",Single,,,,,,,,
P00041,Female,Laura,Amber,Cole,,592-42-5578,Heterosexual,71,5,1985-02-11,03:59 PM,2056-06-16,Black,Flowing,Green,66.2,153.6,Smiles a lot,"Passport(number='I31718713', issue_date=datetime.date(2092, 6, 16), exp_date=datetime.date(2102, 6, 16))",Cell: (414) 843-3995,Personal: lcole85@hokmail.com,"Home: 6644 Kerry Road, South David, MT - 59765",Black 2015 Chevrolet Malibu - Sedan - Q 374587,"DriversLicense(number='R97ZYYD3', issue_date=datetime.date(2095, 4, 11), exp_date=datetime.date(2103, 4, 11), restrictions='B - Corrective Lenses')",Single,,,,,,,,
P00042,Female,Melissa,Danielle,Lyons,Lisa,224-21-0761,Heterosexual,71,5,1999-03-21,08:32 AM,2070-07-25,Black,Unkempt,Brown,66.0,167.9,Tells everyone how much he/she paid for something,"Passport(number='I24744505', issue_date=datetime.date(2097, 9, 4), exp_date=datetime.date(2107, 9, 4))",Cell: (481) 478-2667,Personal: mlyons@hokmail.com,"Home: 47414 Mathews Causeway, Whitneyside, SD - 57059",Black 2005 Scion tC - Coupe - JTO 822,"DriversLicense(number='B84DIQF8', issue_date=datetime.date(2090, 9, 10), exp_date=datetime.date(2098, 9, 10), restrictions='None')",Single,,,,,,,,
P00043,Male,Frederick,James,Jenkins,Fred,135-86-9802,Heterosexual,76,6,1960-10-04,06:38 AM,2036-10-18,Grey,Flowing,Brown,76.0,170.8,Looks down nose at everyone,"Passport(number='N97785414', issue_date=datetime.date(2091, 11, 21), exp_date=datetime.date(2101, 11, 21))",Cell: (723) 857-9756,Personal: frederickjenkins104@yakoo.com,"Home: 917 Jimenez Trafficway - Suite 412, Danielborough, NJ - 07677",Black 2007 Chevrolet Colorado Regular Cab - Pickup - BT 9092,"DriversLicense(number='G17YTSV9', issue_date=datetime.date(2094, 7, 27), exp_date=datetime.date(2102, 7, 27), restrictions='B - Corrective Lenses')",Single,,,,,,,,
P00044,Male,Jonathan,Thomas,Smith,Tommy,865-05-7039,Heterosexual,67,6,1973-08-09,06:49 PM,2041-01-23,Black,Curly,Hazel,73.6,143.1,Constantly swallowing,"Passport(number='N91556234', issue_date=datetime.date(2094, 8, 28), exp_date=datetime.date(2104, 8, 28))",Cell: (371) 548-5988,Personal: jonathansmith73@kmail.com,"Home: 8816 Mario Hill, Port Angelaborough, CT - 06243",Silver 2004 Chevrolet Suburban 1500 - SUV - OVY6116,"DriversLicense(number='M74EMFB8', issue_date=datetime.date(2092, 4, 12), exp_date=datetime.date(2100, 4, 12), restrictions='B - Corrective Lenses')",Single,,,,,,,,
P00045,Female,Mary,Teresa,Petty,,053-41-2484,Homosexual,67,6,1971-08-18,05:47 PM,2039-02-05,Blonde,Flowing,Brown,65.4,147.5,Enjoys sappy love songs played on the radio,"Passport(number='W80370028', issue_date=datetime.date(2099, 12, 10), exp_date=datetime.date(2109, 12, 10))",Cell: (713) 601-3547,Personal: mpetty@kmail.com,"Home: 1515 Pham Expressway - Apt. 516, Patrickstad, FL - 33133",Blue 2001 Hyundai Sonata - Sedan - 1EG26,"DriversLicense(number='I96UQSG7', issue_date=datetime.date(2096, 1, 5), exp_date=datetime.date(2104, 1, 5), restrictions='None')",Single,,,,,,,,
P00046,Male,Daniel,,Terry,Dann,804-54-0820,Heterosexual,55,6,1969-06-15,03:30 AM,2024-11-01,Black,Straight,Hazel,72.9,170.5,Wears clothing with sarcastic sayings,"Passport(number='X84036494', issue_date=datetime.date(2099, 11, 6), exp_date=datetime.date(2109, 11, 6))",Cell: (578) 783-3195,Personal: dterry@kmail.com,"Home: 19228 Cross Ridges - Suite 796, Port Sharonstad, IA - 52729",Silver 2019 FIAT 124 Spider - Convertible - 0RE O16,"DriversLicense(number='X61JPSN9', issue_date=datetime.date(2091, 10, 31), exp_date=datetime.date(2099, 10, 31), restrictions='None')",Single,,,,,,,,
P00047,Female,Laura,Karen,Benton,,307-77-9997,Heterosexual,59,6,1960-02-12,01:34 AM,2019-10-10,Blonde,Touseled,Blue,62.0,137.1,Crosses legs while sitting,"Passport(number='F83238999', issue_date=datetime.date(2097, 6, 23), exp_date=datetime.date(2107, 6, 23))",Cell: (333) 718-5491,Personal: lbenton541@kcloud.com,"Home: 6608 Billy Circles - Apt. 867, North Angelaburgh, OK - 73059",Black 1992 Oldsmobile 88 - Sedan - VOH-836,"DriversLicense(number='Q05XEFE9', issue_date=datetime.date(2093, 8, 13), exp_date=datetime.date(2101, 8, 13), restrictions='None')",Single,,,,,,,,
P00048,Male,James,Brandon,Castro,Jimmy,434-27-3168,Heterosexual,78,6,1972-05-12,07:33 PM,2050-06-06,Black,Frizzy,Brown,61.1,177.7,Calls their beloved first when there's bad news,"Passport(number='W97556943', issue_date=datetime.date(2092, 7, 24), exp_date=datetime.date(2102, 7, 24))",Cell: (198) 735-7183,Personal: jamescastro512@yakoo.com,"Home: 356 Sean Villages - Suite 875, Brownville, LA - 70929",Gray 1999 Volkswagen Cabrio - Convertible - 838 SPX,"DriversLicense(number='F93ZSUD8', issue_date=datetime.date(2095, 6, 27), exp_date=datetime.date(2103, 6, 27), restrictions='B - Corrective Lenses')",Single,,,,,,,,
P00049,Female,Stacey,,Green,,760-12-3829,Heterosexual,60,6,1962-07-17,02:25 AM,2023-03-25,Black,Frizzy,Brown,68.7,121.6,Refuses to eat non-gourmet food,"Passport(number='B52797186', issue_date=datetime.date(2098, 5, 18), exp_date=datetime.date(2108, 5, 18))",Cell: (847) 629-1734,Personal: sgreen@kmail.com,"Home: 292 Tara Haven - Apt. 936, New Daniel, OK - 73017",Blue 2009 MAZDA MAZDA6 - Sedan - 7UO O14,"DriversLicense(number='A29NQIK4', issue_date=datetime.date(2098, 10, 2), exp_date=datetime.date(2106, 10, 2), restrictions='None')",Single,,,,,,,,
