full_name,vehicle~make,vehicle~model,vehicle~year,vehicle~color,vehicle~body_type,vehicle~license_plate_num,vehicle~vin
Donald Adam Brown,Acura,RL,1999,Silver,Sedan,75K Z19,CDLR4PVFYH454KSW2
Antonio Adrian Rivera,BMW,5 Series,1993,White,"Wagon, Sedan",D15 1MO,W25R8D0WBNEHPJTSK
Diana Sarah Sanchez,McLaren,570S,2018,Red,"Coupe, Convertible",AO 0589,608CHZ3DQYIVUQ523
Mary Donna Berry,Toyota,Avalon,2017,White,Sedan,956OM,A8U4Z60M0HQE9NO7T
Trevor Timothy Walker,Buick,Park Avenue,2003,Black,Sedan,EJK-078,NQSV4VJUG5SOFWH24
Crystal Ashlee Boyer,Dodge,D150 Club Cab,1992,Black,Pickup,WM 31208,FAM11G6JOUW3VARVG
Morgan Robin Spencer,Jeep,Patriot,2010,Blue,SUV,490 4AM,FDTLLILBIKGCKEM9X
Taylor Karen Ross,Honda,Clarity Electric,2018,Silver,Sedan,737-463,ZX1FMV06H2LCFH64O
Ricky David Hart,BMW,X6 M,2011,Blue,SUV,TKG-966,LS9UUITF066XFQC6E
Tara Rebecca Cooper,Nissan,Versa,2017,Black,Sedan,0-07385N,B8LQ6MX8OM56PCKIM
Stephen Kevin Cruz,GMC,Savana 2500 Passenger,2006,Red,Van/Minivan,UNZ7366,LAE9A0FPPUNVUEIOJ
Cristina Maria Sanford,Cadillac,Seville,1993,Red,Sedan,OSU-6555,SEI7WT6D4G1E1YIFS
Dawn Samantha Hall,Audi,A4,2013,Blue,Sedan,144 WEO,9I6ERU2QG5ZQ7NFSK
Tanner Michael Wood,MAZDA,MPV,2005,Silver,Van/Minivan,S34-54O,7YNPNU6RKHPPDI6Y5
Mary Sandra Gardner,Ram,ProMaster City,2017,Gray,Van/Minivan,340R7,J15XPZZIXXDJYDPQF
Patricia Anita Rose,Pontiac,Firebird,1999,Red,"Convertible, Coupe",2B 4Q9XFW,9R1P93J0SDHEMOC3Z
Daniel Joseph Rose,Audi,Q5,2013,Blue,SUV,1HJ O67,F40A7U6U5L6BNWDB0
David Michael Norman,Volvo,C30,2009,Blue,Hatchback,053-UYVW,YPY2XC9XSLYK46WHQ
Peter James Beltran,Dodge,Caravan Passenger,2007,Red,Van/Minivan,JSB-6043,AAKUYRIHTZZ9CVD4L
James James Reed,Chevrolet,Camaro,2014,Blue,"Coupe, Convertible",390 IHW,HHYXCQ5OG1JG4DT67
Laura Hannah Miller,Dodge,Charger,2015,Black,Sedan,213-GVP,PHKWHXHAPW1IOZ612
Tammy Sylvia Noble,Kia,Sorento,2016,White,SUV,J 393450,GHABVETJIVV35CJOS
Carol Kara Butler,Dodge,Caliber,2012,Gray,Wagon,ZIZ 649,0IS4TB11QK0Z1SO7E
Adam Andrew Miller,Dodge,Sprinter 2500 Cargo,2006,Gray,Van/Minivan,168 0MG,09ODJCCCQRC8TSQEU
Robyn Ramirez,Buick,Skylark,1994,Black,"Sedan, Coupe",EHE7912,JN58O1UVZH66NSVBW
Tanya Emma Edwards,Chevrolet,Colorado Extended Cab,2018,Green,Pickup,VTD 767,OJA0V4JDAKHRH2MI4
Daniel Dylan Higgins,Nissan,Murano,2019,Black,SUV,MPV 847,LCGGFZ86E0LUASF9H
Michael Michael Ramirez,Ram,ProMaster Window Van,2015,Gray,Van/Minivan,7NA 585,S50GRP1HELL772IS5
Juan Andrew Sherman,GMC,Sierra 2500 HD Crew Cab,2012,White,Pickup,WCR-8422,B2IS92WYETG3LCRYQ
Noah Kenneth Walsh,smart,fortwo,2009,Blue,"Hatchback, Convertible",TCP-007,HPER8DBBC5O9GYKAR
Isaiah Mcgee,BMW,X6 M,2015,Blue,SUV,801 APF,NX6SMTC4530ZYGHW7
Angela Dana Hall,Ford,Escape,2008,Gold,SUV,37-U835,SU92IABMQPGY3L7QF
Michelle Jill Smith,Cadillac,XLR,2004,Black,Convertible,IYW B42,942QKJHELOTUZTRUV
Linda Brenda Carrillo,Kia,Niro EV,2019,Black,Wagon,SS7 5580,6P9U0T3V2VY2EJM0R
Donna Andrea Rodriguez,Ford,Expedition,2013,Silver,SUV,KCU 968,SOT8Y545JBJGXS5DB
Randy Joseph Griffin,Hyundai,Sonata,1992,Gray,Sedan,4Z 66612,148WOSO5XXMEL05BK
Corey Walter Brooks,Chrysler,Aspen,2008,White,SUV,GSA 484,FBE10Z1L6AL5BHX7K
Denise Carrie Davis,Maybach,62,2008,Silver,Sedan,EN1 3392,1X43TWO0RUJ9IC8SM
Keith Brian Arias,Honda,Clarity Plug-in Hybrid,2019,Gray,Sedan,536YQH,4VOADCMCJ4HDVQ19B
Diana Valerie Carson,Volkswagen,Touareg,2016,Black,SUV,98-A113,8GLLCBV7YWV8JQW5A
Heather Crystal Reed,Toyota,Sienna,2009,White,Van/Minivan,5LXZ 95,Z9YLHRJZZNF4VKGGU
Christina Jasmine Decker,Acura,ILX,2019,Gray,Sedan,YJO 403,HVTK70RWMK03JLQ28
Bradley Robert Ryan,Cadillac,SRX,2011,White,SUV,3QZ93,VSAFSB9ZHNS51J3GX
Matthew Jonathan Johnson,Kia,Sephia,1999,Blue,Sedan,PYG-3780,4KGM9YZIW86I4FPSI
Sheila Stephens,Mercury,Grand Marquis,1996,Red,Sedan,BXI 0931,KVLU1VWEV2KVYMPTT
Helen Terry Larson,Subaru,Outback,2004,Silver,"Sedan, Wagon",SHY-3639,TU1TRVLJZOQMJR0O9
Michael Davis,Ford,Fusion,2019,Gold,Sedan,0ZQ 371,ACYJUVEIGWXZO7S0X
Mary Kimberly Hamilton,Dodge,Ramcharger,1993,Blue,SUV,X90 0CP,P9IE9UVWSFWZM2TAU
Mercedes Kathleen Fields,Subaru,Impreza,2018,Black,"Wagon, Sedan",EKZ 739,KM15LUEJ1BUND9IDG
Ryan Colton Sparks,BMW,Z4,2008,Silver,"Convertible, Coupe",8AVR 86,T55GH9E219HEK2RAG
Erik Daniel Spencer,Nissan,Altima,2016,Black,Sedan,KOA-1625,W7KX66ND0NSIHU36K
Nicholas Louis Taylor,Toyota,Sienna,2007,Gray,Van/Minivan,QJU 013,JBTYBO9AWI42QP1PU
Joseph Frank,Ford,Fusion,2011,Black,Sedan,LHA 545,L5URVLL02F7U4QQD7
Wayne Jon Bartlett,Mitsubishi,Mirage,2020,Blue,Hatchback,8BYF028,70W5RRWXA3O7Q6KY7
Cindy Roberts,Subaru,Forester,2019,Silver,SUV,087 BTV,CHGAK5762D1VBFL08
Gabrielle Emily Evans,Chevrolet,Camaro,2002,Gray,"Coupe, Convertible",UMM4363,LIR6GST9LUV93TQK4
Tracy Connie Wood,Hyundai,Tiburon,1999,Red,Hatchback,BKV5524,MFM1O6L3HRLDMEF3Y
Jason Roger Stephens,Toyota,FJ Cruiser,2007,Black,SUV,259 ROY,2ZR6W8OTIIPM7BF0Y
Tracie Amy Washington,Nissan,LEAF,2011,Gray,Hatchback,OZN 942,6ZHERX1G7J6B860MG
Brian Mark Collins,Ferrari,599 GTB Fiorano,2011,White,Coupe,OUN 634,L95EDSCJKYN8RA69U
Cynthia Michelle Moore,Audi,A4,2003,Silver,"Wagon, Sedan, Convertible",YSI-1435,BKPQHQWSRJ32UAA5P
Jeffrey Orr,Volvo,V70,2005,Silver,Wagon,Q25-SFD,Q1MODDTGNPJ7UGF8X
Jason Eric Peterson,Oldsmobile,Cutlass Supreme,1997,Blue,"Sedan, Coupe",73-UR24,9HGL9HKBLAFGMKC2N
Jason Johnny Blake,Aston Martin,Rapide,2010,Gray,Sedan,OOC0783,MKG1M90FJLPYUOKHI
Samantha Monica Page,Honda,Insight,2004,Black,Hatchback,RFI-402,AOPOH465UIMRYDO4A
Jesse Sandoval,Chevrolet,Silverado 3500 HD Double Cab,2018,White,Pickup,4QC P22,4XAWWZ46V26PWUMTB
Laura Jones,MAZDA,MX-5 Miata,1996,Gray,Convertible,74-PG67,243FMF4E91PMDV8VS
Brittany Carol Brown,Volkswagen,Jetta,2003,Silver,"Wagon, Sedan",9M 3U0KQE,ZU2B7SX0VQHEUNDTU
Stephen Robert Hooper,Land Rover,Range Rover,2019,Black,SUV,XWG-333,DQ801X5VQZNTUB9JC
Jessica Vincent,Mercedes-Benz,C-Class,1995,Silver,Sedan,2TTB100,MQKTAUSRP2JGEPVSQ
Jenny Sara Wood,BMW,8 Series,1994,White,Coupe,107LXX,EFVVE35R53SE4WQTB
Angelica Lisa Murphy,Mitsubishi,Montero Sport,2003,White,SUV,4C 3U9XBC,97MD72U74OICJ1EL8
Aaron Jacob Johnson,Ford,Expedition,2017,Brown,SUV,8E 7V2TKF,8FGCS515FNOIL8YDC
Regina Erica Barry,Mercedes-Benz,B-Class,2015,Black,Hatchback,7L 0E2OKZ,MIPXBKWILWWWW8XG1
Sean Jeffrey Gordon,Hyundai,Elantra,2019,Black,Sedan,27R CY2,BIB1MSOYHWLBGKLMJ
Rachel Gabrielle Martin,Chevrolet,Spark,2020,White,Hatchback,46U J81,S43B6KW8TDMIR81ZG
Amanda Melissa Graham,Mercedes-Benz,SLC,2019,Blue,Convertible,50QM3,XEUOW4OS37BT0LMO0
Kelly Amanda Collins,Audi,A6,2015,Gray,Sedan,765-CIT,R0RETQ3ZY5YUJ6M6C
David Mark Lee,GMC,Savana 2500 Passenger,2015,Red,Van/Minivan,WAW-7775,57OHCU7KH7H81ZVN3
Jessica Melissa Hobbs,Mercedes-Benz,G-Class,2005,Gray,SUV,TYK-6480,T6Z0CID4I9B2GV58K
Michael Smith,Subaru,XV Crosstrek,2013,Gray,SUV,160 NNX,T6QBMA5E7LQIZJQA8
Kelly Richard Scott,Kia,Optima Plug-in Hybrid,2020,Green,Sedan,6TR 019,ORSWAS43FC3EQX1KA
Dale Hunter Hobbs,Audi,A5 Sport,2017,Silver,"Convertible, Coupe",CFM 891,IVJZJC12Q3S06F5U8
Ryan Dakota Kelly,Volvo,S60,2018,Silver,Sedan,099WX,MPOZV4ADGLESJ9CCN
Shannon Allison Barnes,Ford,F450 Super Duty Crew Cab,2015,Black,Pickup,9618,9VEIQY6WM3MTJS103
Courtney Wallace,Mitsubishi,Outlander Sport,2012,White,SUV,VO 40834,LSH1Y6MHD2T3BJTAZ
Bryan David Hall,GMC,Sierra 1500 Extended Cab,2004,Silver,Pickup,220-021,UKO95FSFFL3CWUQV3
Dominic Peter Christensen,Honda,Fit,2016,Red,Hatchback,UFL 729,AXYTUFZBTN2OAJ39V
Danielle Simmons,Chevrolet,3500 Extended Cab,1997,Red,Pickup,2LE 130,OG3810SDKT4N0TUJH
Shirley Katelyn Wall,Dodge,Journey,2010,Brown,SUV,XEB 025,DXX1EPLLSIQCXIETF
Jessica Shelia Sutton,Cadillac,Escalade,2020,Gold,SUV,5LV B54,N5ZQU5TEQJ7NK1NIP
Alexis Amy Long,Mercury,Mountaineer,2005,Silver,SUV,UIK-7322,GRRI3225ZUWOYJFMB
Tiffany Gross,Dodge,Durango,2006,White,SUV,852 GEJ,X98NFRE5HII8CME6Y
Robert Thomas Reed,MAZDA,RX-8,2005,Black,Coupe,649 IRS,DL03KFSUPL89AAH9B
Tammy Young,GMC,Envoy,2002,White,SUV,ZQF 695,XOSR8GLPM5GGMEKVQ
Kyle Baxter,Hyundai,Sonata,2018,White,Sedan,DF-0987,0JGU3TZSD7QKNCGFS
Richard Villarreal,Audi,A5,2014,White,"Coupe, Convertible",KLO 854,TM27LNDNO8DUKKQO1
Scott Samuel Harris,Kia,Niro EV,2019,Gray,Wagon,3-65760,BC55ETN99K6ORXASF
Ashley Tina West,Volkswagen,Jetta SportWagen,2012,Red,Wagon,138HCE,F3WHYGK5ZHKNJ2EO1
Joann Taylor Hopkins,GMC,Yukon,1998,Black,SUV,9-T6009,0B1M8T6AO8L4M9BTD
Zachary Edgar Martinez,Ford,Taurus,2009,White,Sedan,KQI 794,7CFZA641Y7ND8OL1F
Jessica Autumn Thomas,Hyundai,Tiburon,2005,White,Coupe,X23 7MT,SVR6B6S9J4E4C24NM
Zachary Christopher Smith,GMC,3500 Regular Cab,1997,White,Pickup,045 BUN,304UKF0CGSVGM3EOE
Katherine Tammy Brennan,Toyota,Solara,2001,Tan,"Coupe, Convertible",32O B64,TU4OE1T81H6TYH6XK
Jason Daniel Barry,Toyota,Previa,1993,White,Van/Minivan,3SYY778,VJRYA4ZFYJALOFXTZ
Rachel Crystal Barton,Chevrolet,Camaro,1994,Gray,"Convertible, Hatchback",MYD-2088,MZ32WBF8F3ZSYKIJ2
Dana Ford,Nissan,Sentra,2018,Black,Sedan,EQ7 S9W,B6K2GY8H396F706VM
Mercedes Ashley Moore,Mercedes-Benz,SL-Class,1999,White,Convertible,IHC8742,PFTKLHT9M3RRA5PPH
Austin Ramirez,GMC,Sierra (Classic) 3500 Extended Cab,2000,Black,Pickup,UNR-460,BO85CIX6U65MWHWRC
Veronica Jillian Harris,GMC,Sierra (Classic) 2500 HD Crew Cab,2007,Gray,Pickup,030 MCC,E011OFKS2TUUZSIWI
Jane Elizabeth Lambert,Mercedes-Benz,E-Class,2008,Blue,"Sedan, Wagon",6615 QI,NQZQUG8TN82YQ6R1N
Elizabeth Gordon,Nissan,Altima,2015,Red,Sedan,16B X57,15PDZBTM4XB2YUSGJ
Nathan Jason Martinez,Chevrolet,Express 3500 Cargo,2013,Red,Van/Minivan,62JZ193,9F2DZZHH6IQ27H3DK
Jordan Dalton Lester,Mercedes-Benz,SL-Class,2002,Black,Convertible,RRU-6770,GRDOLA1QFKRRI1RZT
Kimberly Gates,Subaru,BRZ,2017,Black,Coupe,H24 6AU,49X73WN7OWKOHZHZK
Connie Jasmine Benson,Chevrolet,Astro Passenger,2005,Blue,Van/Minivan,339-144,D1O2FNKZK6A99RL7H
Valerie Kayla Marsh,Kia,Sportage,2014,Blue,SUV,N 087268,BA5GTZLL14AXOVES0
Lucas Le,Ford,Ranger Super Cab,1995,White,Pickup,KNE 203,UGJ2ES3YWQ47SACBI
Christina Ryan,Ram,3500 Mega Cab,2018,Black,Pickup,52O•684,KHEDFAWTSSG2WNCEO
Elizabeth Brenda Baird,Nissan,NV200 Taxi,2019,Red,Van/Minivan,044 BVN,QR18X2U3A4KR4KD3R
Courtney Tammy Mclean,Dodge,Caravan Cargo,1993,Gray,Van/Minivan,944-OMJ,SPGM0FIPCCJZGG84L
Connor Christopher Roy,Dodge,Ram Van B250,1992,Gray,Van/Minivan,RYA 638,QLWGO4NXVXROUM36S
James Joshua Davis,Mercedes-Benz,CLA,2020,Black,Sedan,LZG-003,TONQ482AMQTEELJ23
Gregory Anderson,Volkswagen,Jetta,2009,Gray,"Sedan, Wagon",93XM8,VW4IWZ0M62BC94MYO
Kent Richard Shaw,Porsche,928,1994,Gray,Hatchback,2N 4X8PLD,RG8LQ5ONF8COJ1GUQ
Chad Jason Winters,Toyota,RAV4,2015,Black,SUV,693J7,6UX57OAZ1SEUS1XQK
John Owens,Volvo,S80,2003,White,Sedan,9-P5806,L6JA4WNF5WD622B16
John Cantrell,Toyota,Corolla,1999,White,Sedan,MJG7538,ZSHDGWPVK1ITJR5AM
Randy Joseph Martinez,Acura,CL,1997,Gray,Coupe,437-MOK,IJ5G0O31W5JNA5N14
Sarah Jennifer Bailey,Acura,RDX,2018,White,SUV,71-90011,B6XAM0N8XG1YKXVUH
Steven William Wood,Chevrolet,2500 Regular Cab,1995,Blue,Pickup,4D 08556,C723Y9FXUPP5L9WVC
Jacob Manuel Hogan,Mitsubishi,Mirage G4,2018,Silver,Sedan,896OF,55X4VOML678YXQVJM
Kyle Raymond Ruiz,MAZDA,626,2001,Gray,Sedan,70C 1502,2PND80MQ016LQEKY1
Roberta Karen Valencia,Ford,Ranger Regular Cab,2009,Gray,Pickup,MLP-057,CE4T38URZ6UU2AWBS
Kathryn Dalton,Mercedes-Benz,SL,2019,Gray,Convertible,PJR 092,96EYE85HLM0PQUTJ9
Jamie Kelly Cervantes,Dodge,Ramcharger,1993,Gray,SUV,BWT-2758,K4YOLW9ZNYCRHZPSS
Thomas Rodney Juarez,Ford,Ranger Super Cab,1996,Gray,Pickup,114XZC,AQOOCFMQFTJTCB7O6
Michael Eric Hensley,Toyota,Tundra Regular Cab,2012,Silver,Pickup,RGY 138,03X2UZ9310N1GJ0Z2
Victoria Jean Hawkins,Ford,F350 Super Duty Regular Cab,2016,White,Pickup,973 TFV,3LQI4AJCZKD5D0Q4Y
Mark Gregory Tate,Toyota,Tundra Double Cab,2017,Blue,Pickup,UJZ Q87,VFUTIS5445NDH6FQI
Joel Brandon Baker,Buick,Lucerne,2006,Silver,Sedan,QKG 826,D3GLK95L2EIROGHTZ
Frank Timothy White,Toyota,Sequoia,2008,Gold,SUV,7AK B15,UQCX3E2AJLRAJJ6MJ
Jeffrey Jeffrey Sanders,Audi,A4,2009,Gray,"Convertible, Wagon, Sedan",S57-10Q,YQOZCJKT5WBJ6S77Q
Kristin Alyssa Cole,Cadillac,XTS,2013,White,Sedan,624-IFB,AGD0RB7ZK5F7T0C60
Victoria Mary Jennings,Acura,NSX,2004,Blue,Coupe,LRT 211,A6C2VVXAS4KDNJU1S
Robert Frank Cervantes,Nissan,Titan Crew Cab,2018,Silver,Pickup,983HQG,QTMQ8HVT9IKZ79FD2
Anna Karen Ramirez,Dodge,Ram 1500 Regular Cab,1995,Black,Pickup,6Z 1C6ZQU,PH8JO5HS7YXA40IM3
Ryan Jeffery Monroe,Toyota,Tacoma Regular Cab,2009,Gray,Pickup,825 YCN,LQFIFS6KD4EH5F3KI
Amber Sarah Ellis,INFINITI,M,2007,Silver,Sedan,0-62369Y,OANR1KZM119E5S583
Carlos Roy Woodard,Buick,Century,2001,Silver,Sedan,36Y ZR7,0XSXWPTDF98PZNQ31
Joshua Jeremy Foley,Volvo,S60,2006,Silver,Sedan,115 TDR,DJUM9CUZ2YMHJ8E9P
Daniel Joseph Wells,Ram,1500 Crew Cab,2019,Black,Pickup,95Q FM9,A4J4Y5F7TZY8CRFW6
Bailey Cheryl Walter,Audi,RS 7,2015,White,Sedan,22F N86,NPVQ9WXW58UG8BGCF
Robert Christopher Thomas,INFINITI,FX,2004,Black,SUV,9ORF387,80MW3I2L7Y030T0IY
Zachary Justin Dalton,MAZDA,CX-9,2008,Brown,SUV,9W 3C0LAW,ZQ024R0MYKM49M4DQ
Mason Cody Murray,Buick,Cascada,2017,White,Convertible,94Q XQ0,I2E1BOXZ8OS47KTMF
Nicholas Christian Bullock,Mercedes-Benz,SL-Class,1996,Silver,Convertible,14HR243,FE7B30G6DDCPNF2VR
Patricia Wendy Smith,Pontiac,Grand Am,1997,Black,"Sedan, Coupe",OR-4070,UN5F0EXC4B2U1A1X5
Aaron Richard Miller,Ford,Transit Connect Cargo,2019,Gray,Van/Minivan,050 9086,VGJLD6FXWT9Z3GCYY
Wesley Jeremy Robinson,Oldsmobile,Toronado,1992,White,Coupe,6O338,5XAJXYJYPEXV79WZX
Dawn Sherman,GMC,Envoy,1999,Gray,SUV,BWV 041,76FBN44K02CPVD47J
Hayden Adam Brooks,Ford,Fusion,2013,Gray,Sedan,985 VDR,IU75L3UAEGMC79RC2
Brianna Walter,Land Rover,Range Rover,2011,Red,SUV,LQH 384,YEWAWU4D4NAK9QPNX
Rachel Carl Davis,Ram,1500 Regular Cab,2017,White,Pickup,UJ 05486,RKARL5T5XUXSG57M0
Samantha Kimberly Potter,Honda,Element,2010,Black,SUV,98GY7,7EPYKOOX0PJG7SOP2
Rita Smith,Cadillac,CTS,2006,Gray,Sedan,ARR 832,90POGDXNEKNC6Q2NK
Michael Richard Farrell,Ford,Flex,2012,Black,SUV,488 1237,KU5JPBUGW8UGV10HV
Ashley Roberts,GMC,Rally Wagon 3500,1993,Gray,Van/Minivan,TXC 791,CCOC8ZEX35ZVXJEF4
Timothy Marcus Hines,INFINITI,M,2013,Silver,Sedan,GV-5447,M202ST6EYI8CXQ3NV
Mason Kevin Carroll,Scion,iQ,2015,Silver,Hatchback,LOM-2501,AVEB23FPY51BGAA1N
Timothy Thomas Lee,INFINITI,Q50,2020,Black,Sedan,6L Z6657,RY8FP9IQ20M1FWQ79
Emily Johnson,Rolls-Royce,Phantom,2008,White,"Convertible, Sedan, Coupe",9JQO115,W2Y5OTDLLZUITSWDS
Tami Nichole Johnson,Ford,E250 Super Duty Cargo,2006,Black,Van/Minivan,69L B16,4PYT091N007KUZXV7
Patricia Kathleen Lee,GMC,Sierra 2500 HD Regular Cab,2019,Black,Pickup,7-33566T,DNADHC0CIEGM7AL7D
Jeremy Mitchell Espinoza,Mitsubishi,Mirage,2001,Silver,"Coupe, Sedan",478 7863,F87NPFGU3RR3LNVVH
James Richard Harvey,Mercedes-Benz,E-Class,1998,Silver,"Sedan, Wagon",583 JIG,6Y0BR9CCI17QH7TN3
Ann Carr,Ford,F350 Crew Cab,1992,Gray,Pickup,CQM5741,TNAWSQI28JV1DDT7F
Samantha Erika Miller,BMW,X3,2017,Tan,SUV,99-ZV97,ZSBIV4I2A3L2TURCX
William Dale White,Mitsubishi,Outlander,2017,Red,SUV,BKN6132,E5VU2UWLZM65JIV53
Christopher Casey Moore,Volkswagen,Golf SportWagen,2019,Gold,Wagon,ZPM-972,K10HF6BJVOBXI6HII
Melissa Collins,Dodge,Ram 3500 Regular Cab,2001,White,Pickup,1J 4J4XIQ,X929Q1KSBQGIK5LG8
Vanessa Anita Mata,Suzuki,Reno,2006,Gray,Hatchback,3VO48,K9QHH8NJ9X213HUR6
Tara Hernandez,Mercedes-Benz,C-Class,2017,Tan,"Coupe, Sedan, Convertible",9YG O43,P91EA3ET0SO8XT24Z
Jasmine Cathy Hall,Kia,Optima,2006,Blue,Sedan,KVB-6184,MY0XEJWRDSRDKDLK3
Mary Anne Duran,Nissan,TITAN XD Single Cab,2019,Gray,Pickup,2093,D5V7DTX7OEOADWP8F
Kimberly Janice Watts,Mercedes-Benz,SLR McLaren,2008,Red,Convertible,564 XRA,E0LF2H6NP4N25HH2O
Anthony Barry Thomas,Lincoln,Navigator L,2008,Black,SUV,H83 5BX,W8BVX8DMQR8NF1JCM
Robert Justin Mendez,Mercedes-Benz,Mercedes-Maybach S-Class,2019,Blue,Sedan,467 EXG,A7PT538DCCVL7JSJR
Nathan Brian Benson,Mercedes-Benz,GL-Class,2010,White,SUV,JST-085,AZZQY6VC5E2FIDWMY
Deborah Dana Montoya,Plymouth,Voyager,1998,Black,Van/Minivan,6GF E06,LA51UGM0IJX2AKK9H
Caroline Casey Hubbard,Lincoln,Continental,2001,Red,Sedan,9-B8536,UEZEYWIMZ8UUC24XU
Brittany Janice Russell,Volvo,S70,1999,White,Sedan,314-ROZ,9NP4D5H6MWVQHN1GC
Eric Arthur Wang,Kia,Optima,2005,Gray,Sedan,7Y E8889,U0IDHEOM0D95MWAZ7
Christina Heather Andrews,GMC,Yukon,2000,White,SUV,330 SAR,UBOHF27FQIUWX9L2G
Lisa Christina Hobbs,Hyundai,Santa Fe Sport,2017,Silver,SUV,590730,84KGZXX5FVEOEP0NV
Anthony Kevin Garrison,Buick,LaCrosse,2015,Gray,Sedan,9MK6129,CILMZDX5KCCMZAON1
Cindy Lori Lee,Jaguar,S-Type,2007,White,Sedan,FH-1686,0XIYS2XBFWUS2ZNOC
William Christopher Ramirez,Volvo,XC60,2018,Black,SUV,D67 9TA,KFXHNWYPHIT40SLFJ
Cheryl Gates,Dodge,Dakota Quad Cab,2006,Black,Pickup,SA7 F0B,O6TITHJ4G8887TQN3
Danielle Pamela Dunn,Honda,Civic,2017,Blue,"Coupe, Sedan, Hatchback",314 WAJ,6HC28LI01CRR4HYY5
Cynthia Page,Dodge,Stratus,2003,White,"Sedan, Coupe",923 TZX,AXDPHI0N5SQ44X52R
Jared Davis,Hyundai,Ioniq Plug-in Hybrid,2018,Blue,Hatchback,NR-2167,INX7V9ISKDCTGY1QY
Samuel John Baker,Ferrari,599 GTB Fiorano,2010,Red,Coupe,ZKH-6222,24TCLOP0Z7H1CCGE7
Daniel Jackson,Acura,MDX Sport Hybrid,2017,Gray,SUV,Y51-79S,WGEVJOC16GUAPILPE
Megan Lauren Adams,Ford,E250 Cargo,2011,Blue,Van/Minivan,9168,21B5277AULA719HAS
Craig Perez,Toyota,Tundra Regular Cab,2016,Black,Pickup,221 TSB,02B7TTKPYH7NT9KNO
Nicholas Richard Salazar,Mitsubishi,Montero Sport,2003,Gray,SUV,69P A56,E1VNGQMY5GQ9GPSN1
Ryan Dominguez,Pontiac,Grand Am,2000,Gray,"Sedan, Coupe",203-977,T9XSLGGR2WD9KE7TE
Linda Krystal Gonzalez,GMC,Sierra 3500 Regular Cab,2001,White,Pickup,983 BBF,6WEVDATV1R8S8X02J
Olivia Weber,Nissan,240SX,1998,White,Coupe,598 ZC6,44S9CUD9G2IHU1TNQ
Morgan Lindsay Buck,Audi,TT,2004,Silver,"Convertible, Coupe",YQL7715,ZMARPQW9BMMNZ5N9M
Joseph Marvin Hill,GMC,Canyon Regular Cab,2010,White,Pickup,914 XXC,5STZEE2055Q3AUWL9
Erica Tiffany Smith,MAZDA,626,1993,Black,Sedan,W66 1JY,X1EEGVBQG6KKIPLIV
Desiree Beth Davis,Dodge,Ram Wagon 3500,1998,Silver,Van/Minivan,30-6567Q,DZN8ZDSIKR9QA6JR2
Angela Lozano,Dodge,Grand Caravan Cargo,2008,White,Van/Minivan,IUJ 840,2CGLWRAWMB9YEMY3Z
Michael Stanley Gonzalez,Land Rover,Range Rover Sport,2011,White,SUV,7E 8T7VQY,WNMWE3KQUJOV22S6F
James Smith,Suzuki,Sidekick,1994,Brown,SUV,1-06712,7TQOQPJAA3561SHG8
Jeremy Brandon Adams,Pontiac,Bonneville,1994,Gray,Sedan,45P K25,IAS31JFL7PUTZHHN1
Christina Kim Deleon,MINI,Convertible,2018,Gray,Convertible,8B818,OT3H5H2WCECAFFXTJ
John Christopher Shaw,Toyota,Corolla,2016,Silver,Sedan,UJB V20,58LWNMTJSSG49512Y
Kimberly Susan Potter,MAZDA,CX-9,2007,Blue,SUV,67FM5,WBAYFMVR96DXAFFR8
Robert Johnson,Subaru,Forester,2018,Red,SUV,33U 576,HRIUMZ4F57E01CEI6
Charles Nicholas Brennan,GMC,Sierra 3500 Crew Cab,2001,Black,Pickup,UHZ 015,4WN9VBCEON06CWUGG
Paul Buck,Subaru,Forester,2014,White,SUV,055 YAS,55P04MALBBSPGV599
Allison Hailey Griffith,Chevrolet,Venture Passenger,1999,White,Van/Minivan,ZPX 045,XC2WM131J1WAHLHTM
Lisa Crystal White,Jeep,Grand Cherokee,2013,Gray,SUV,527188,V6GCPG8Z8RC7OXWJP
Sandy Sabrina Gilmore,Mercedes-Benz,CLS-Class,2015,Blue,Sedan,2-47134,53D9343UM54G6ACS5
Kristi Denise Foley,Mercedes-Benz,Sprinter 2500 Crew,2018,Gray,Van/Minivan,S38 1VX,RDYA50UMPO73FV8JS
David Justin Butler,Lexus,LS,2005,White,Sedan,W56 8XW,TGAHWEFOYXRPBPPK3
Ann Nicole Sanford,Lincoln,Continental,2000,Silver,Sedan,1XN3719,BNQJJURFXWCJ0ZN6S
Patrick Jonathan Nguyen,Toyota,4Runner,2014,Black,SUV,839 WOR,HCN2MKK6XQKKYMT1M
Craig Jonathan Shannon,Jaguar,XJ,2008,Red,Sedan,YLA 898,BI61L4URC2LQ5PPBG
Gina Kayla Dougherty,MAZDA,MX-5 Miata,2015,Gray,Convertible,48M 810,LIO1F98ZIICVHTX1W
Thomas David Adams,Chevrolet,Monte Carlo,2000,White,Coupe,537-XNK,UPWEPWW6X6NFIF849
Joseph Daniel Hubbard,Chevrolet,Silverado 1500 Crew Cab,2016,Gray,Pickup,8AW5337,B6K99E9AWELVU2MF3
Matthew Timothy Smith,Volvo,V70,1999,Tan,Wagon,9SV11,RWHDT6B89QBONZNRM
Ian Craig Snyder,Oldsmobile,Cutlass,1999,Black,Sedan,851 LIV,J921S8815GHFWKY76
Donald Gilmore,Ford,Transit 150 Van,2019,White,Van/Minivan,132-KMF,OOFOL5RO89Y87T7Z2
Ricky Bauer,Suzuki,Vitara,2004,Gray,SUV,1C V2856,WM6JJG1EUDHOTOVOY
John Shawn Brown,Mercedes-Benz,GLS,2019,Gray,SUV,5GA O19,ISW6Q281WPNA0PKMA
Seth Daniel Robinson,Porsche,Cayman,2014,Silver,Coupe,ANH-1648,FA2HM7N6NU4L3M5J5
Danielle Haley Williams,Hyundai,Santa Fe,2009,Red,SUV,CMP 343,DY9XQWFKDN1CFHY6N
Catherine Karen Smith,Plymouth,Sundance,1992,Black,Hatchback,279A4,DQMHI9C3USJTNZUIX
Alexandra Andrea Smith,Cadillac,Catera,1997,Black,Sedan,32-J559,YQR3OJHHKPQ2WUO4N
Marisa Monica Saunders,Volkswagen,New Beetle,2003,Black,"Convertible, Hatchback",SJO8476,T8OMX5MT42VCBE74D
Johnny Chad Sanford,Chrysler,Concorde,1995,Silver,Sedan,MJU5052,TBBUWG7XBRUY0VYQY
Martin Richard Hill,MAZDA,MX-5 Miata,2013,Black,Convertible,760NA,2QCJDTKCRXRJGM1KH
Karen Carrie Clark,Lexus,ES,2002,White,Sedan,K04 8DZ,YPSAX6Q3VJ19U98F9
Amy Sanders,Chevrolet,Blazer,2019,Red,SUV,RYP-0736,KUG5ZUHFK8J7DI7PD
Carrie Ashley Hughes,Oldsmobile,88,1995,White,Sedan,908-ZHD,GYFQI9V39MVB15IWT
Rhonda Jessica Dalton,Buick,Riviera,1996,White,Coupe,06D IC5,49KY7YWAQEJXI51K6
Kathy Lucas,Pontiac,Grand Am,2000,White,"Sedan, Coupe",63-3328D,998HTP9QHEWAI0PMP
Michelle Baker,Chevrolet,Silverado 1500 Regular Cab,2019,Silver,Pickup,PTF-1113,QJGVG1IK46HVZIO4Y
Erin Valerie Davis,Lexus,IS,2019,Brown,Sedan,PY7 Z6F,8LF0QK5CI05HOSKM6
Ellen Drake,Audi,Q7,2018,Gray,SUV,WSY-6400,9Q6HCJGE1OMO41J55
Doris Ashley Davis,Chevrolet,Express 2500 Passenger,2019,Gray,Van/Minivan,2NXR 38,YMY6ER12U88QA4CK7
Sarah Melissa Garza,Geo,Prizm,1994,Silver,Sedan,HCC 137,HOW28EGQBOHFZ18IP
Michelle Toni Dalton,GMC,Sierra 1500 Regular Cab,2019,White,Pickup,34KB049,ALGGE8SNDK6DCCK11
Hannah Anna Collins,Audi,S4,2001,Silver,"Wagon, Sedan",417OW,D7YHTD9W02PNDOW0E
Lori Rachel Hart,Chevrolet,Silverado 1500 Regular Cab,2015,Black,Pickup,RCH 399,SIW5OSPQ81BFFKLXY
Andrew William Avila,Lotus,Elise,2007,Red,Coupe,R62-VAB,6NC8HY3Q1B56P3EQ3
Michael James Aguilar,Volkswagen,Jetta,2020,Gray,Sedan,720 ACC,CNULU40OA8LP3S5DR
Sarah Rebecca Butler,Saab,5-Sep,2003,Gray,"Sedan, Wagon",456-OXB,2BGWKGFUYQAEIND7G
Desiree Kristin Matthews,Mitsubishi,Expo,1994,White,Wagon,4JT 214,1BXKLW6BK8W8BV7HS
Jennifer Cheyenne Juarez,Aston Martin,Vanquish,2015,Silver,"Coupe, Convertible",UL-0760,OVDDF7IM06T1PFKVX
Evan Bryan Nelson,Honda,Accord,1992,Blue,"Coupe, Wagon, Sedan",V41-76C,H9QVUC9MZM40L46J6
Gina Angela Crane,Volvo,940,1993,Black,"Sedan, Wagon",K95 5UA,5ZCL50RHOJY6YJBLD
Michael Lamb,Cadillac,XLR,2004,Silver,Convertible,3967,IO75105119JMHJAAU
Michael Joseph Gonzalez,Chrysler,Town & Country,2013,Red,Van/Minivan,P57-CHC,F3OVWAR2CZ4DV7KY2
Ashley Pierce,Toyota,Land Cruiser,2006,Blue,SUV,IUY 987,23H3I0GDCIALLNPMG
Juan Douglas Griffin,Chevrolet,Astro Passenger,2003,Black,Van/Minivan,816 6JN,TZCM62VE4YGJRYO0H
Rachel Katelyn Mathis,Kia,Rondo,2010,Brown,Wagon,GXE-3520,6SUHCP1NAMYP3RBYX
Vanessa Debra Bauer,Audi,A3,2015,Blue,"Sedan, Convertible",792-YSS,F9MZPKDONG3K5RXDO
Nicole Sabrina Hamilton,Pontiac,Grand Prix,1993,Black,"Sedan, Coupe",COW-152,KV6QGP0CV9XVOTSGE
Molly Sparks,Subaru,Impreza,2014,Black,"Sedan, Wagon",80-75581,5U81645YR3LV6WNRT
Samuel Timothy Torres,Audi,S8,2009,Black,Sedan,9KN W62,2YILYIDXO2NS1MLO1
Brittany Cynthia Ware,MAZDA,Tribute,2006,Black,SUV,0551,FUTUN5IW1NE8OFN8V
Nathan Hill,Ford,E350 Super Duty Cargo,2009,Gray,Van/Minivan,360 DAK,479CZQTMPY49QIX12
Laura Carrie King,Honda,Accord Crosstour,2011,Blue,SUV,SKQ5846,6I71FQ09HLY0BLPSQ
Clayton Jack Duran,Rolls-Royce,Ghost,2012,Black,Sedan,75D•960,LDXDHEWAZVBOMMZF2
Candice Tucker,Mitsubishi,Diamante,2001,Gray,Sedan,L25 9SW,NKC8ZUS0L7MPXRFF6
Amber Tiffany Barnett,GMC,Sierra 2500 Crew Cab,2004,Red,Pickup,71B M65,8G5KZVAU2R9K2BVL8
Wendy Carolyn Baldwin,Subaru,Outback,2017,Tan,SUV,UFJ N90,BFNRQG7IKN87P9U3G
Kenneth Ronald Allen,Ferrari,612 Scaglietti,2006,Black,Coupe,321312,7NPEO3CUDKOU5UMGF
Brent Andrew Lawrence,Volvo,XC70,2004,Black,Wagon,893-HLO,GEUIUHQJYHROZEYI2
Seth James Terry,Chevrolet,Silverado 2500 HD Crew Cab,2007,Black,Pickup,092-NYL,9SFQGBFGSOWNU0VBD
Kimberly Jennifer Hernandez,Toyota,Land Cruiser,2020,White,SUV,9Y OC874,D9ZJSKW3UR0742DHW
Briana Michelle Moore,Toyota,Venza,2011,Brown,Wagon,75LP3,P5D6XRRTPL3BEGNP6
Tiffany Sarah Castaneda,Chevrolet,Impala,2008,Black,Sedan,156 FXM,JJ3BP3UQYP570HBM8
Cynthia Cindy Martinez,MINI,Hardtop,2010,Red,Hatchback,052S1,Z09OXL78KXZAGAS1U
Bryan Spencer Brown,Ford,Econoline E150 Cargo,2001,Blue,Van/Minivan,ZYD9361,ZECLVZBOUYYGETOHO
Stephanie Connie Wood,Toyota,Tundra Regular Cab,2000,Gray,Pickup,1198 MD,QG6BWBR600XO5V2Q9
Richard Jeremiah Long,Chevrolet,Monte Carlo,1999,Black,Coupe,5-X1406,JPY54Y8P31J8EMHZL
Michael Dean Fry,Toyota,Tacoma Double Cab,2014,White,Pickup,711 RH9,HUIS76WIWRDBECCCN
Lynn Miller,Chevrolet,Silverado 1500 Crew Cab,2009,Gold,Pickup,84MZ981,S815H2ETPFC04WBBD
Nathan Michael Jones,Pontiac,Grand Prix,1999,White,"Sedan, Coupe",7GFX475,UE12H5Z9PZDXQ47AP
Angela Lauren Delgado,Ford,Transit Connect Passenger,2011,Black,Van/Minivan,TGR3333,J0Q33TILWHXGF4L2V
Nichole Amanda Valdez,Nissan,Armada,2009,Red,SUV,U52 4TR,OVRYU0E2UTXDXW3W7
Mark Bryan Bryan,Ford,Aerostar Cargo,1997,Gray,Van/Minivan,872-FVX,09OSPQERM44K23CKY
Sean Juan Davis,Chevrolet,Sonic,2013,Gray,"Sedan, Hatchback",LSH-376,VRM4EG0UO4WR4O2JS
Bruce Marc Williams,Pontiac,Montana SV6,2005,Gray,Van/Minivan,3MP7302,RBMUURAB4P4A7PXMY
Daniel Barton,BMW,X6 M,2017,Brown,SUV,34LQ7,79RPAXJTEVWTFDK4V
Sara Stephanie Lucas,Volvo,V90,2018,Tan,Wagon,IZB-6187,F04PEZD00UHIKJZ6Z
Robert James Clarke,Chevrolet,Malibu,2010,Blue,Sedan,LIS 248,7Y3SVMM00X95S6KLY
Jesus John Walters,Dodge,Ram 2500 Regular Cab,1997,Blue,Pickup,788-603,IQYQM53MLLA9LRYLP
Bradley Leonard Frost,Subaru,BRZ,2018,Black,Coupe,806 8KM,4KWGCVSDPT3WICGP4
Erik Kyle Diaz,MAZDA,CX-3,2019,White,SUV,6C KB427,1QFH5LE6G0ZODD8FZ
Debra Olivia Shepherd,FIAT,500e,2018,White,Hatchback,LWH-644,KJ1TR8KBMPSNFRSSF
Larry Richard Hopkins,Ford,Expedition,2016,White,SUV,97S R79,EFEE1IJ6MSWOM7O6G
Joseph Harry Collins,Lotus,Exige,2010,Red,Coupe,LPO-986,B3T8RM81G0E7Z3Q8F
Carol Sophia Carter,Nissan,Versa Note,2017,Silver,Hatchback,SLJ 196,2MJHAAAAKWWZVTP9K
Maurice Nathan Lopez,GMC,3500 Regular Cab,1999,White,Pickup,9674,JVXU93TNGPPI1KUXH
Jeffrey David Roberts,Volkswagen,GTI,2013,White,Hatchback,474-HMDB,9GAT7GEL2BCU65HTM
Mary Ryan Williams,Ford,Transit 350 HD Van,2018,White,Van/Minivan,8RI8847,TY4VHPDTZA3CTRHW7
Victor Kevin Carpenter,Ford,Explorer,2002,Black,SUV,DTL-3207,KSMVEWNTUH9HV3A54
Scott Ian Hoover,Dodge,Viper,2002,Gold,"Convertible, Coupe",29M 910,HZ0U35CJ2FK7JLKUV
Alexis Cindy Hayes,Dodge,Grand Caravan Passenger,2018,Red,Van/Minivan,8MNA563,V7ZI0WPIJA0S8X6IW
Andrew Seth Allen,Dodge,Caravan Passenger,2000,White,Van/Minivan,6-55812,24724A4K67I702V68
Dillon Jacob Williams,Buick,Cascada,2016,Black,Convertible,CGY 934,HORTOZMWJ5H061207
Margaret Theresa Lester,Toyota,Tacoma Regular Cab,2000,Silver,Pickup,DBE 4199,2OAP9SUZVAZNHU3AN
Jose Jordan Dixon,Chevrolet,Express 2500 Cargo,2004,Gray,Van/Minivan,RMM0851,YTMEKJ6HKWV6EDXIZ
Danielle Garcia,BMW,3 Series,2015,Black,"Sedan, Wagon",9797 AV,NUG4ONYWYW9CGAX23
Dennis Nicholas Young,Chevrolet,Tahoe,2015,Silver,SUV,SN5 7060,EPWLYDJXIE7R99HWQ
Caroline April Sanford,MAZDA,MAZDA2,2013,Blue,Hatchback,255 JOB,3ZPK6S3TQ01ALD36H
Devin James Hall,Honda,Clarity Electric,2018,Black,Sedan,XVC 086,6SLSROE6MTBC3UYWL
Christopher Clay,Pontiac,Vibe,2010,Black,Wagon,124X0,LZZMJLQLABDY3GTRN
Danielle Sandra Guerrero,Toyota,Corolla,2010,Black,Sedan,DVI 247,YL56N3J7BNANU2I6I
Jonathan Dennis Johnson,Acura,RDX,2008,Black,SUV,FXI 3092,N9V7K12Y26K2LX7E3
Seth Michael Roberts,Mercury,Mystique,1995,Black,Sedan,95L X55,R4PEXF1KWW10VIOLF
James David Williams,Mercedes-Benz,300 TE,1993,White,Wagon,417 LYN,X1R9JGES1ZAIY9ZVF
Jessica Jacqueline Castaneda,Saturn,S-Series,1993,Gray,"Coupe, Sedan, Wagon",5RT Y85,4AVTHN3ZJC1LZACWF
Bryan Brian Campbell,INFINITI,G,2007,Black,"Sedan, Coupe",Y76-MEF,6APGZDYIUO4NKWPJ4
Tracy Lisa Hogan,Maybach,62,2009,Silver,Sedan,WRT3607,UE3URF9DPXJKQIJCL
Charlene Denise Lewis,INFINITI,Q60,2017,Gray,Coupe,XRB 585,QQOA9OLN9QJ5Q1XHF
Kimberly Karen Griffin,Chrysler,Concorde,1998,Black,Sedan,43F 086,TBH85LELIPLL6RFWT
Stephen Terrence Mosley,Honda,Accord Hybrid,2018,White,Sedan,LDA 390,0NMS53OQMCP41AWVI
Michael Jerry Frost,Volvo,V90,2019,Gray,Wagon,505-175,WAXM8FV6WYBYR293I
Jose Moore,Honda,Accord,2006,White,"Sedan, Coupe",8CZ4927,NYTQEIEQZUPT2NRMZ
Joseph Ricardo Myers,Chevrolet,1500 Regular Cab,1993,White,Pickup,4Z S7117,SOB1FJWSK0P5LMLW8
Rachel Lisa Murphy,Lexus,LS,2013,Black,Sedan,TW 7462,VBAO4SHXSXFYESL9S
Carrie Mason,Lexus,GX,2003,Silver,SUV,163-815,J734UG2OW2LW7CURG
Matthew Taylor Herring,Audi,A4,2010,Black,"Sedan, Wagon",516-PXIA,UYUF40LPAT74O6S6T
Pedro Arthur Cantrell,Toyota,Land Cruiser,2010,White,SUV,009998,5W3OZSGL31FERQ5TE
Devin James Miller,Ford,Expedition,2010,Black,SUV,2MI 688,ODRKUK40VLY27GK7X
Stephanie Sara Gardner,GMC,Sierra 3500 Extended Cab,2004,Gray,Pickup,20-7277U,JVVJSKA1IUNBLW0RV
Alicia Brittany Alvarado,Toyota,Sienna,2001,Black,Van/Minivan,822 HMG,W8738G3KRY2P4AB6Y
Alexander Jake Turner,Audi,A5,2016,Black,"Coupe, Convertible",YEL 587,XJ87WHDU49JOUSHZ1
Nicole Alyssa Archer,Jaguar,XJ,1993,Silver,"Sedan, Coupe, Convertible",KBB 882,BK0O80T99502YE7AF
Philip Joseph Lozano,Toyota,Corolla,2007,Silver,Sedan,2-81027U,Y1YZOOEUE1UMQZQD7
Jeanne Kaitlyn Bryan,Chevrolet,Silverado 1500 Double Cab,2014,White,Pickup,2JN2383,M5UO7BIWJ96T8V5QE
Joel Nicholas Jackson,Chevrolet,Impala,2008,Black,Sedan,42-K422,5SFGW7VYRYEYTE2V6
Craig Brett Wagner,Chevrolet,Sportvan G20,1994,Black,Van/Minivan,890W,7XCHKFPTCOZ2NB7XD
Christopher Joseph Young,Mercedes-Benz,Mercedes-AMG GLC Coupe,2018,Red,SUV,180 OST,R48J3YDA0Q601NDCE
Tracy Thompson,Ford,Mustang,2005,Gray,"Coupe, Convertible",HSW 205,P3ISBS2YYCRWIMOA1
Diane Rebecca Pacheco,Mitsubishi,Outlander Sport,2011,Blue,SUV,392EMS,9K0CPMXQRFTTOOWA2
Brian Michael Dixon,Ford,Crown Victoria,1995,Black,Sedan,ZTR N76,Q1A3XZM6INPCOKIL7
Rachel Allen,Mercedes-Benz,300 TE,1992,Blue,Wagon,QEG 117,LYTD4XTLD7HKFI4XO
Judy Amber Moore,Honda,Odyssey,2010,White,Van/Minivan,734-NQI,G8Y90Y1P89CX483DA
Ryan Richard Collins,Ford,Freestyle,2006,Silver,SUV,55U X69,Z59QILYQUJQTF8RCB
Robin Leslie Mora,Lincoln,MKS,2016,Silver,Sedan,519M8,STVD923NG3A9ZWLMK
Anthony James Mason,GMC,Savana 1500 Cargo,2001,Gray,Van/Minivan,08H PP2,PUEGR1XMSDA8IVETC
Christopher Anthony Cuevas,Eagle,Summit,1992,Silver,"Sedan, Hatchback, Wagon",AZD 503,LEP7V0DJW1VOLJ1GF
Richard Mark Spencer,Dodge,Durango,2006,White,SUV,UYY 094,50444O1EXHMYXN4Q6
April Mitchell,BMW,1 Series,2013,Blue,"Coupe, Convertible",486 6VT,1BZVRVWQU8FZWLFBI
Lisa Hensley,Ford,Ranger Super Cab,2002,White,Pickup,4-J1286,MW0SPQ8YIXEDQSIJ7
Hannah Leah Johnson,MAZDA,MPV,1998,White,Van/Minivan,F27-95H,7YJ7ME8ZZMYLH0KAR
Joshua Julian Decker,Lexus,GX,2007,Red,SUV,KNG 523,4YTNA892U5TRRFXAW
Michael Jason Robinson,BMW,5 Series,2013,Black,Sedan,6OY 814,NWAKKLT8QRINGCFP8
Micheal David Brown,BMW,3 Series,1994,Black,"Sedan, Coupe, Convertible",0XN 732,LLLSLW4FD5ABJJSIN
Morgan Buck,Toyota,Yaris,2020,Red,Sedan,970-SRH,AQ0EJOJ4GBOB4GH4S
Jason Anthony Boyer,Bentley,Bentayga,2018,White,SUV,015 3732,FAX97MM16N75UPNTM
Natasha Linda Spencer,Toyota,Prius c,2019,Silver,Hatchback,LED 305,JWQOGW15QLVNQKV9S
Alyssa Tammy Mcdaniel,Ram,1500 Regular Cab,2015,Black,Pickup,SUC3700,F37H3C0I1JS17KFH6
Tammy Christine Garcia,Nissan,Rogue,2017,Silver,SUV,2365,ALLFI5806EL1EHLMN
Rachel Ashley Brown,BMW,7 Series,1993,Red,Sedan,KTM 456,2ZYVMQXDORNP6N1TT
Daniel Sanford,Kia,Amanti,2008,Gray,Sedan,456-JCPI,0G4NEGAIS5V4WCFBY
Mark Charles Hall,Mercedes-Benz,SLK-Class,2012,Red,Convertible,348 QOP,8Z5IT1RAVA8GX6N8X
Monica Linda Hall,Jaguar,XF,2017,Blue,Sedan,AR 6384,9XKSM76KUE1AZQTC0
Victoria Kristin Rice,Hyundai,Sonata,2008,Black,Sedan,974ZTQ,XJO8NKCH7JXGAPGE0
Wyatt Luis Gardner,Ford,Windstar Passenger,2003,Blue,Van/Minivan,WLR6654,U5MP4C63SRPL500IV
Patrick Craig Rose,Buick,Regal,2000,Black,Sedan,SXA-3257,31A026ETLGWN6W3GL
Randy Jason Rose,MINI,Clubman,2019,Gray,Hatchback,WUZ 897,GNR3E8OUAZLCFJ58P
Dawn Kelly Butler,Ford,E350 Super Duty Passenger,2010,White,Van/Minivan,OEE-1827,DMU5YECXS3BYPUHO9
Keith Charles Ramirez,Mercedes-Benz,SL-Class,2004,Black,Convertible,UNK9136,M1ZQQH432SP05096H
Stephanie Julia Lambert,Volkswagen,Passat,1996,Black,"Sedan, Wagon",X 712979,78VWWPRNIWCBBCDIQ
Lisa Kathleen Moore,INFINITI,G,2013,White,"Sedan, Coupe, Convertible",261 TBR,9M585G29INOO51P9Z
Daniel Timothy Morrison,Buick,LeSabre,1995,Gold,Sedan,3YD H74,JA6TM1DR9AFDFR9ZK
Jesse Casey Smith,GMC,Sierra 1500 Extended Cab,2001,Silver,Pickup,RBL-4934,8SCGOSX2TXB2XL42U
Steven Jason Garcia,Volvo,S60,2017,Red,Sedan,FID-237,AAJM6HTK5FQECELVR
Sherry Griffin,Dodge,Sprinter 3500 Cargo,2004,Gold,Van/Minivan,3-71244J,Y3K01V5AZKEX5WVCI
Glenn Myers,Freightliner,Sprinter 3500 Cargo,2014,Blue,Van/Minivan,4VV6544,SP75TKTYAZ909JHOO
Hunter Joshua Myers,Chevrolet,Equinox,2010,Gray,SUV,51Y Z60,8FI10C8YFZE0268CB
Matthew David Myers,GMC,Terrain,2017,Black,SUV,XRW-232,93MTI49NJRSRYWQHW
Scott Hall,Chevrolet,Volt,2011,White,Sedan,40B W34,RP5K9G54E1HP8LU8A
William David Orr,Jeep,Wrangler,1998,Gray,SUV,79-P094,AWTT29YT4UTXOZP3A
Brianna Sandra Mcdaniel,GMC,Sierra 1500 Regular Cab,2007,Gray,Pickup,650-JRA,B149UZJLH8U7YG9WE
Tiffany Roberts,Hyundai,Tucson,2009,Gray,SUV,9XN 876,1DIXGZ4HPZJSMF9O1
Brian William Carson,GMC,Yukon XL 2500,2012,Black,SUV,24ND8,RN82X77OI9Y9RQKYM
Rhonda Decker,Oldsmobile,88,1994,Silver,Sedan,TXO-8307,VN6QX15U6MWOQT32K
Crystal Kristin Stephens,Subaru,Crosstrek,2016,Blue,SUV,41-4931E,XPIWMH4C77ZVRY1SO
Cynthia Rose,Kia,Spectra,2005,Black,"Sedan, Hatchback",AEN 221,DNI3TL5KFXWRE7M0N
Lisa Laura Fields,Mitsubishi,Galant,2008,White,Sedan,CB 6860,Z7X2R5X2F1C0PBBPX
Jennifer Stephanie Sparks,Lincoln,MKZ,2016,Silver,Sedan,186EYV,XY6PJZ82G2EW9C9IE
Austin George Blake,Audi,A6,2013,Gray,Sedan,436M1,BOAIXVWEQQ4YI4O33
Laura Murphy,Ford,F350 Super Duty Super Cab,2003,Red,Pickup,OWN-136,ZVULWP81629RVJY20
Jerry Taylor,Chevrolet,Avalanche 2500,2006,Black,Pickup,UAQ-6356,7XKV59OUUI3FED472
Thomas Andre Taylor,Chrysler,LHS,1994,Black,Sedan,67-74954,H6ZBHNGJZK1851QYR
Christine Tonya Berry,Chevrolet,Silverado 3500 HD Double Cab,2016,Silver,Pickup,MMI 456,HZT02TG1MZXOFMFUS
Lisa Michelle Wood,Jeep,Wrangler,2013,Black,SUV,18Q FT3,ABIJFMRMD5TVPRPQD
Michael Devon Wood,Dodge,Ram 1500 Regular Cab,2003,Silver,Pickup,Z24 0VB,Y1GMPKFZ6LLLE69CX
Mariah Catherine Moore,Hyundai,Sonata Plug-in Hybrid,2018,Black,Sedan,145 UZX,51PRXZG9CZB74WQ91
Tara Bonnie Collins,Lexus,ES,1992,Silver,Sedan,305QCF,TJEQ44SGAU5X1LSKD
Ashley Kelsey Collins,MAZDA,MX-5 Miata,2001,Silver,Convertible,326 HAE,3PTU875VMF1JI7W1Y
Sheri Yolanda Sherman,Cadillac,Eldorado,1997,Black,Coupe,WEB-1699,QOU8UJDCETH9786VR
William James Moore,Nissan,Pathfinder,2011,White,SUV,392 JBF,JM4996Y182LP0KKAE
Nicole Toni Moore,Nissan,GT-R,2017,Silver,Coupe,5-R9987,73CG9G8ABVUPZ8QLX
Christine Orr,HUMMER,H2,2004,Blue,SUV,176 TSA,J6C4F2YLFCN5EW4FG
Daniel Melvin Orr,Lexus,SC,2008,White,Convertible,197YW,QKK8XNO6A7UYJVIMF
Cody Jimmy Orr,GMC,Savana 3500 Cargo,2002,Gray,Van/Minivan,460-SCJ,G4F4HKA34AP7VELVS
Kimberly Briana Page,Chevrolet,G-Series 1500,1996,Silver,Van/Minivan,736-471,4W73IA5L6MM3O851I
Julia Murray,Mercedes-Benz,S-Class,2010,Blue,Sedan,77Q 2599,N8HA2L7K8AA5Z823A
Crystal Bryan,Volkswagen,Passat,2008,Black,"Sedan, Wagon",131-KOE,6WS4P37MDPR38RBMQ
Michael Brett Jones,Chevrolet,S10 Extended Cab,1999,Blue,Pickup,016 MGL,Q8XR7CX1TDPB1NY2Z
Bryan Brian Jones,Scion,xB,2010,Black,Hatchback,58C W53,GMCK7P55EI0MD6U2S
Brittany Brown,Volvo,S80,2009,White,Sedan,87G 950,FDEC2TT9OA3UH11ZL
Jeffrey Scott Brown,GMC,Yukon XL 2500,2000,Black,SUV,3376,Z3QAUZ4XHF7EKZMGC
John Brian Hooper,Subaru,Forester,2012,White,SUV,OZE 188,OT8VXJUX4W0KLID7Y
Tammy Alicia Wood,Lexus,ES,2019,White,Sedan,PP-2101,178M1TZZTVELXJHSF
Lisa Julia Berry,Hyundai,Genesis Coupe,2013,Silver,Coupe,OY-4720,P4CVEKF7AUW21H8BK
Connie Jordan Barry,Alfa Romeo,Spider,1993,Blue,Convertible,882 SFX,Z22J6MTYBLVX43T0D
Erica Tiffany Martin,Chevrolet,Camaro,2016,Brown,"Coupe, Convertible",617MS,C50QXL2VMGQUWLLL6
Kara Martin,GMC,Sierra 3500 Extended Cab,2005,Black,Pickup,146-354,G7YZS0L3UMIN8U87F
Katherine Vicki Johnson,Ford,Flex,2018,Black,SUV,7NG D33,KZRSLDSYKEMM6LNTJ
Bobby Johnny Hobbs,Chrysler,Town & Country,2011,Silver,Van/Minivan,JMN 291,A3R1R5UOBK6TS3Y4Y
Kevin Michael Smith,GMC,2500 HD Club Coupe,1998,White,Pickup,42Y J13,IFIUIFYTBYJS4WKQQ
Kristie Linda Wallace,BMW,M5,2016,Silver,Sedan,MEW 648,PLSIP3MP4F1G62NI4
Amanda Anna Simmons,Ferrari,F12berlinetta,2016,Gold,Coupe,53Z C27,E6T4BJC50BQPLQ2GF
Victor James Simmons,Lincoln,MKT,2011,Black,SUV,074 5355,BC7FFEJ8FOTOY12YA
Catherine Brenda Sutton,Mercedes-Benz,SLK-Class,2010,Red,Convertible,371 VL2,3TD4MQEHPLGS7MPM0
Ashley April Garcia,Dodge,Ram 1500 Regular Cab,1996,Blue,Pickup,ZRZ 059,YJZ8IDP64D9T87OZ7
Katrina Victoria Sutton,Ford,Aspire,1996,Silver,Hatchback,5110 IW,E87I9D6GIHLT0KS84
Nicholas Ronald Long,Cadillac,Escalade ESV,2009,Silver,SUV,NP9 5677,OEI2IWGPGPUJR53QU
Robin Clarke,GMC,Envoy,2005,White,SUV,RDW 045,9PHEHQE1P2ESO0KNB
Bradley George Baxter,Chevrolet,Express 1500 Passenger,2003,White,Van/Minivan,M05 0MA,IQRT0ESVO3ZH95996
Penny Karen Farrell,Toyota,Tundra CrewMax,2016,Gold,Pickup,87TD306,AUUD81TXYDYAQ8KGV
Crystal Orr,Mercury,Mountaineer,1998,Black,SUV,5PBD 47,7G7NGZOHD2A0HZZR4
Charles Kyle Smith,Acura,RL,2001,Blue,Sedan,OCT-103,ZR3F5UD58YIUIUUHA
Nathaniel Smith,Dodge,Ram Van 2500,1995,Red,Van/Minivan,VRO3360,FGG8KA5XD5KJ9WGYS
Jason Michael Brennan,Ford,Fusion Energi,2019,Silver,Sedan,64C OP0,4PD8DMRB3HBUL1XIV
Lisa Hamilton,Chevrolet,Express 3500 Cargo,2011,White,Van/Minivan,842-QNE,GN3J1SPNJFZ6N240L
Carolyn Nancy Brennan,Lexus,LS,2014,White,Sedan,LQS 864,1ZN8TD5T3I2I2766V
Melissa Amanda Taylor,Toyota,Land Cruiser,2002,White,SUV,092 6MV,0XYGS5I5PTT9EMBU6
Denise Claire Lambert,Ferrari,FF,2014,Black,Coupe,0-G1684,DV6OHK86DQIA0OB3Y
David Lambert,Mitsubishi,Montero,1997,Silver,SUV,53-S394,2YLGIEVCN31TVWRV3
Tyler Anthony Lambert,Pontiac,Montana SV6,2005,Black,Van/Minivan,2848,Y1GWZG3ZAJPS1SR7L
Caroline Brittany Richardson,Mercury,Milan,2010,Gray,Sedan,80-CN12,QDQ8WGPR6B5TSYHKG
Dennis Samuel Richardson,Buick,Encore,2016,Red,SUV,51P 3047,JDTF95URXG6DDIYKY
Charles James Benson,Chevrolet,Colorado Crew Cab,2008,Black,Pickup,6D 7D9QRE,J1YMB0QHJKKHVEC15
Glenda Andrea Le,Mercury,Grand Marquis,2005,Gray,Sedan,35Q•362,TQQO68I6F5CJEJIY1
Joseph Justin Le,Volkswagen,Jetta,2013,Black,Sedan,PPA0611,T7XKX1FG5RHJ828XE
Jessica Jessica Terry,Cadillac,SRX,2012,Silver,SUV,4VPL150,O3SSB0HGQ5K0EG0VL
Frank Brandon Mclean,BMW,X5,2017,Black,SUV,RSS 739,81QBD7LMNCXLGS1DC
Laura Kendra Myers,Mercury,Cougar,1992,Silver,Coupe,MYP 346,NF8QRRITA5IW4669V
Kathryn Erica Davis,Dodge,Caravan Passenger,1997,Gray,Van/Minivan,EU6 I1Q,KLAXUMA6SZUCPH5N9
Wayne Jeffrey Anderson,BMW,6 Series,2008,White,"Convertible, Coupe",7GNK990,09456DECZRRI683PR
Kevin Robert Williams,Mitsubishi,Eclipse,1999,Blue,"Coupe, Convertible",LKG 763,Y44G1URE2BIH8Q0DZ
Douglas Matthew Williams,Audi,TT,2004,White,"Convertible, Coupe",IMU-3000,URLUBCZUHPV2719NZ
Rachel Margaret Hogan,Chevrolet,Express 3500 Cargo,2003,Gray,Van/Minivan,5-O1122,OS9IXZICIM93977XX
Adam Shane Pacheco,Cadillac,CT6,2018,Gold,Sedan,FUD 044,J3MC3YXL4AZIM1Q3F
David Kyle Cervantes,Chevrolet,Colorado Regular Cab,2011,Gray,Pickup,RIL 488,Q9YAR5EH2X8QGBIRH
Colleen Kayla Smith,Dodge,Journey,2011,Silver,SUV,439-VWO,B6ZS4EOL855W1D4WW
Taylor Hamilton,Mercedes-Benz,C-Class,2013,Gray,"Sedan, Coupe",408-CCJY,DHQJDV6T6ULQZL9SH
Dawn Elizabeth Hensley,Toyota,Camry,2011,Red,Sedan,J 929779,8WNN5D2LDDJ0ANAK2
Benjamin Brandon Aguilar,Dodge,Dakota Quad Cab,2001,White,Pickup,3EV 555,CEDQ458FVPHLI05LQ
John White,McLaren,570S,2018,Green,"Coupe, Convertible",DHU-8661,2QLB4AJW8PSLSLVBY
Sean Jason Sanders,Honda,Accord,2014,Brown,"Sedan, Coupe",7UU S23,OLOJ0BQZUDV2PKE6N
Nicholas Tony Sanders,Lexus,IS,2006,Black,Sedan,695-TXT,BLAD8Y3WY1JUR2VM7
Steven Steve Ramirez,Dodge,Ram Van B250,1994,Gray,Van/Minivan,6Q 8A6GBW,S4H98HYKDXENO67AK
Jessica Patricia Collins,GMC,Acadia,2014,Gray,SUV,CSR-8646,LJQ2BOYEXER7BKOTH
Stephen Ramirez,Oldsmobile,Regency,1998,Gray,Sedan,YAR 2996,WA1XOP6JABRCTCIS5
Michele Kimberly Sanford,GMC,Sierra 3500 Regular Cab,2002,Gray,Pickup,466-WSU,ZKLJV82K1V6GB90JE
Andrew Tyler Monroe,Mercury,Mountaineer,2005,Blue,SUV,KGG-5268,CJ3GGE4QERWMMDPBD
Brendan Edward Monroe,Lincoln,Town Car,2008,Red,Sedan,ERE 048,ODQ8HUT54WC0MOGPZ
Benjamin Monroe,Ford,Thunderbird,2005,Black,Convertible,GRF-154,3TDL1H8FL39ABUL2B
Erica Teresa Morrison,Toyota,Xtra Cab,1994,Gray,Pickup,273 4WQ,KF8XZIE9YPI7Y6ZTP
Michelle Walter,Kia,Forte5,2016,Blue,Hatchback,VDC 731,1W5KT9KAPQW3V3Q0P
Olivia Kelly Walter,GMC,Safari Cargo,1998,Gray,Van/Minivan,556-WWX,5NQHYKUGHJPKD0S4F
Heather Jodi Ramirez,Ford,F250 Super Duty Crew Cab,2004,Silver,Pickup,88-Q746,EVKN1YHV0GUOFJOFC
Vincent Dalton,Mitsubishi,i-MiEV,2017,Silver,Hatchback,874 QM9,3U7PFJXN39R6EYTW6
Michael Brett Baker,Ford,Escort,1992,Silver,"Hatchback, Sedan, Wagon",3I 67335,UKLVFCPYQBRNWD3ZM
Rhonda Pamela Hines,INFINITI,FX,2010,Black,SUV,VJR 231,RJBY8DJ7DLFGYB51B
Katherine Carrie Gilmore,Volvo,V70,2000,Black,Wagon,39-3745G,W4021VQU0Y5G6LQ9M
Patrick Kevin Tate,Porsche,968,1992,Black,"Coupe, Convertible",23-59580,KF7HJDJJ956WC80D2
Scott Jonathan Johnson,Lincoln,Navigator,2011,Silver,SUV,HKQ 061,IDY4KKT5CZ9M8VIW9
Lisa Johnson,Jaguar,F-TYPE,2015,Blue,"Coupe, Convertible",199 5326,YFX4JOZSIU10TPJA2
Susan Ramirez,Chevrolet,Colorado Crew Cab,2007,Black,Pickup,99-ZI52,MTRXNELVSBTY3RAOO
Travis Vincent Ramirez,BMW,M5,2003,Gray,Sedan,080-NBA,QIM99SQC0L52CIJ0J
Timothy Daniel Mckee,Ram,3500 Crew Cab,2011,Blue,Pickup,BC-0582,EESP41SS1TYZXUL9U
April Jennifer Smith,Plymouth,Grand Voyager,1995,Black,Van/Minivan,XGD-8061,G93IR37LXISOC2QNW
Amy Julia Gates,GMC,Savana 1500 Cargo,2005,Silver,Van/Minivan,LPU 136,GEK4QME3HIMRALOIW
Caroline Wanda Gates,GMC,Canyon Extended Cab,2015,Gray,Pickup,CJ5 P0B,3DZ1STILAINAN4P7A
Sara Danielle Johnson,Honda,Odyssey,2006,Red,Van/Minivan,373 FME,ZQ1SBK84OAIBAAKZ4
Dawn Tammy Page,Chrysler,PT Cruiser,2009,Black,Wagon,Y 957181,X1AM55TG4HZH42L5R
Alicia Debra Dalton,GMC,Suburban 2500,1994,Black,SUV,226555,WRW1NMUYGGAJZTE4I
Frank David Buck,Chevrolet,SS,2015,Black,Sedan,971 GHB,CVHH5WVFFS0RO128J
Harry Wesley Buck,Jaguar,XF,2016,Gray,Sedan,8B 76215,2GEDOA912BJYQ0EHJ
Aaron David Buck,Audi,S8,2007,Silver,Sedan,PHJ-4032,BNLQ26KBSQPJEVIQN
Jordan Edward Buck,Mercury,Cougar,1999,Black,Coupe,DIG 077,HQ3QNGA0I6TTKW1G6
Jose Edwin Buck,Ford,Thunderbird,1992,Silver,Coupe,X60-DNT,7WQVCQGR82FGP8JTD
Drew Tate,GMC,Savana 3500 Passenger,2014,Black,Van/Minivan,FBB3155,F56DU3BTQS7Z4YTXM
Douglas Johnson,Mercury,Capri,1992,Gray,Convertible,0EH 631,H8DLLDATS0ZPM3FCO
Michael Antonio Johnson,Alfa Romeo,4C Spider,2018,Black,Convertible,ALS-4821,EOMUWAC5ORNI13BDF
Michael Brian Gilmore,Mercedes-Benz,Mercedes-AMG GLS,2018,Black,SUV,RAS-613,8038GXSVZH1ZLCKCM
Brian Alan Gilmore,Oldsmobile,Cutlass Ciera,1994,Black,Sedan,FGS-850,L9FOVGV6WL5R7EIN6
Donna Lester,INFINITI,QX,2009,Black,SUV,L29 0MY,JI71P5E4Q8NNBZPTZ
Aaron Frank Shannon,BMW,8 Series,1994,Black,Coupe,036 VPU,NTEACY03NPKCMOIE2
Samantha Eileen Shannon,Chevrolet,Impala,2016,Gray,Sedan,5-15869E,VKHTZ5D763UIWORND
Katherine Morgan Robinson,Dodge,Spirit,1994,Black,Sedan,897 YYB,FAQUOBA7HX0726SH3
Gail Taylor Duran,Lexus,GX,2019,White,SUV,2KM T88,A5R0U4TKWSRU28MSF
Alexis Sandra Simmons,Buick,Rainier,2005,Black,SUV,18-27397,9SB6EXGR3WRA3BYOU
Eric Dennis Baker,Ford,F150 Super Cab,2004,Gray,Pickup,0C 99317,JN0XA931S8PEUA2O9
Peggy Baker,Dodge,Grand Caravan Passenger,2007,Silver,Van/Minivan,549 NUS,PB3GQAZYN87LIHER9
Alison Martha Anderson,Ferrari,488 Spider,2018,Silver,Convertible,HRK 082,U8Z51A6DJLLNNGUH8
Michael Daniel Rich,Chevrolet,Aveo,2008,Black,"Hatchback, Sedan",807 5859,ORA7DLZ8U8DO4B9XQ
Laurie Michelle Castaneda,Jeep,Grand Cherokee,2008,White,SUV,383-VVE,OMPUMMVCAP7MCTMXA
Frank Andrew Rich,Ford,F150 Super Cab,2005,Red,Pickup,752-FVV,YCUL5MMO35G5XMCQ4
Stacy Veronica Juarez,Cadillac,CTS-V,2017,Black,Sedan,2LI 037,N6MH7VKYM2KHNXCXN
Linda Dana Pierce,GMC,Suburban 2500,1995,Blue,SUV,749-DTC,RB02MV829O31EEFV3
Mark Brady Griffin,Audi,S8,2002,Blue,Sedan,935 6031,XMMHD49UAFEDPT8E3
Tommy Wesley Griffin,GMC,Yukon,2019,Black,SUV,21-4729Z,CG9CD2LUXO51F2T8D
Kelly Griffin,GMC,Sierra 2500 HD Regular Cab,2000,Black,Pickup,3SL1264,QY8602021APJBMG74
Dylan Matthew Griffin,Honda,Odyssey,2002,Black,Van/Minivan,001 GXQ,DCZTRG5A7EE0ICIEK
Anita Rhonda Griffin,Chevrolet,Express 3500 Cargo,2004,Gray,Van/Minivan,590-XJI,L6SN4QSAONN019MJR
Ross Troy Hamilton,Chevrolet,Camaro,1994,Gray,"Convertible, Hatchback",873-GCT,IJYMSUUR6E4IEL2NT
Abigail Hamilton,Ford,F350 Super Duty Super Cab,2015,Black,Pickup,HJM 072,V4RYU6WJ9DR49CWN1
Virginia Nancy Walters,Dodge,Ram 3500 Regular Cab,1998,Black,Pickup,KBC 787,S8ZEXERTSZS5N73LP
Jason Kyle Hamilton,Buick,Enclave,2019,Gray,SUV,PPX-7777,QD9CNTUZS6FL04HKE
Amanda Cynthia Terry,Audi,Q3,2015,Silver,SUV,7A819,O4KBNPX5CLEAGJG3I
Samuel Jose Terry,Toyota,Avalon,2000,Black,Sedan,2RV Y25,VK98E67PRK1V0OFDO
Sandra Jasmine Brown,Chevrolet,Lumina,1996,Red,Sedan,2DY6553,3VOZ17ISZBN9VHT1C
Anthony Lambert,Subaru,Impreza,2014,Black,"Sedan, Wagon",SXR-2670,0BS0OOUA6P0GAI3RD
Matthew Michael Castaneda,Mercury,Cougar,1992,White,Coupe,EP 9619,4IT0QF2JCHAK9QYJT
Audrey Miller,Mercury,Topaz,1992,White,"Sedan, Coupe",104 5521,BJUY8OEDXRPZHOHE5
Sean Bryan,Subaru,Outback,2005,Gray,"Wagon, Sedan",LN-8059,V41B4IP51LQHW898T
Ashley Kimberly Bryan,Ford,Econoline E150 Passenger,2001,Red,Van/Minivan,225 FYT,HNQ7ZW6JKFHSKR9SK
Trevor Bryan,Toyota,Tacoma Regular Cab,2014,Black,Pickup,E68 1XB,WXPOP003HX8LZLL8N
Melissa Norma Williams,Dodge,Caravan Cargo,1994,Black,Van/Minivan,N01 3MY,2ZLSIE1C6CNOAC8GO
Robert David Clarke,BMW,X5 M,2015,Black,SUV,427RMV,DQLIQ2ENSQPIX3NVN
Charles Reginald Clarke,Toyota,Tacoma Double Cab,2011,Silver,Pickup,0-6345K,PN3DSLLOMH5ZYQ84Y
Travis Jason Clarke,MINI,Hardtop,2013,Blue,Hatchback,BV-4336,PV2VHLF73S5UT60D4
Daniel Tanner Walters,Maybach,57,2012,Silver,Sedan,76O KN9,FIJ77FHT0T8NJOXUS
Sheri Cheryl Taylor,Chevrolet,Express 3500 Passenger,1999,Red,Van/Minivan,MWD 636,O5NONB5TQPMGKXAH8
Crystal Kristen Roberts,Ford,Thunderbird,1992,Black,Coupe,70H 3802,V8K4KQRZQC1JZD4G4
Tina Karen Roberts,Nissan,Sentra,2004,Silver,Sedan,812MH,LJVBNKS8C8XPBRBPN
Dylan Danny Smith,Kia,Sedona,2003,Gray,Van/Minivan,1EG8080,5TO3UIBJMER5GCOK5
Matthew Jesse Hayes,Lincoln,Nautilus,2019,Green,SUV,PGV 063,I78C2H3K9W686F2NP
Virginia Baker,Audi,Q7,2011,Red,SUV,836ZA,I3EA6WJVUIRVEATIS
Laura Catherine Clay,Toyota,RAV4,2011,Brown,SUV,0F 7P3OYI,SGS2R7UNOHP1JP1VJ
Michelle Beltran,Chevrolet,Express 3500 Passenger,2016,Gray,Van/Minivan,736-IUV,N23D7L94VGP89SLMU
Brandon Brandon Murphy,Volvo,S90,2017,Blue,Sedan,72-TS93,4GPGNQKPX7F7QPTEY
Melissa Ramirez,Ford,F250 Super Duty Super Cab,2012,White,Pickup,0833,SXRX97AVLY50PMJF6
Tyler Peter Mason,Ford,F350 Super Duty Super Cab,2000,Black,Pickup,MUS-467,67FSVFUKSTFSMQLHM
Kayla Danielle Myers,Audi,S7,2014,Gray,Sedan,8O057,XAPNCD2LG3IZVL2PP
Benjamin Brent Brown,Mercedes-Benz,CL-Class,2002,Blue,Coupe,532-EFGO,2HIMLRWY6QE9AMI89
Keith Eugene Brown,Toyota,Camry,2000,Black,Sedan,112ZJ,OXDHSZ9ACHHCIK7CZ
Melinda Stephanie Juarez,Toyota,Corolla iM,2017,White,Hatchback,LZX 684,6VO2UNVMDPFSOL5W3
Robert Buck,Chevrolet,Express 3500 Passenger,2003,Orange,Van/Minivan,JVY-1421,G4H8WZRNFKIQOLXY2
Crystal Wood,Dodge,Ram Van 1500,1995,Black,Van/Minivan,1O 1R8KRI,4DFH5GBCCXYT98ADP
Gina Robyn Buck,GMC,Sierra 2500 HD Regular Cab,2006,Silver,Pickup,193 PLC,KXHN2H00TFB6CMP8E
Corey David Spencer,GMC,Sierra 2500 HD Regular Cab,2013,Blue,Pickup,176MSB,08Y1PJ73863K9QVP4
Jermaine Krystal Spencer,Ford,Expedition,2014,White,SUV,27GU544,VD961EXXC8M4EY3DY
Tracy Joan Hart,Dodge,Dart,2014,Gray,Sedan,649 PGI,C487U8C7KARPFHRWN
Tammy Dana Baker,Audi,Q5,2011,Tan,SUV,209 RKM,ALHVZC6SAWBFFFG1K
Steven Sharon Sanford,Lexus,LS,2003,White,Sedan,052 DCL,TB28TDLZ6MQBMC6V7
Thomas Timothy Hall,Saab,3-Sep,2010,White,"Wagon, Convertible, Sedan",798-RTN,FB1DEYKGCLN7Z8HDZ
Ana Sabrina Hall,MAZDA,MAZDA3,2006,Orange,"Sedan, Hatchback",865-YIB,71WXAYGU2K2C6HC0C
Amanda Rebecca Sherman,Chevrolet,Express 3500 Passenger,2011,Gray,Van/Minivan,293-QVAA,LW53Q72QLRI493HLI
Kimberly Hayley Hall,Kia,Sportage,2015,Black,SUV,9910 HK,FFMYIEA6D2H0AG672
Mary Hannah Spencer,Saab,5-Sep,2011,Blue,Sedan,03-5789U,PRCYNEB350MWZ017U
Jeffery Rose,Land Rover,LR4,2012,Blue,SUV,UJB-3422,TI41G0REI5CMPFLMV
Michael Gabriel Beltran,Chevrolet,Impala Limited,2016,White,Sedan,320 YYO,8TMF11Y255RRBOT6L
Tracy Melissa Beltran,Isuzu,Rodeo,1999,Silver,SUV,ZNT-506,RUAACAISF9K2XG0C8
Terri Alisha Beltran,Audi,S5,2018,Black,"Sedan, Coupe, Convertible",WEX-5853,JALR0UIBVRJFUOGT6
Antonio Patrick Beltran,Pontiac,Vibe,2007,Red,Hatchback,XVU 976,UKPWIDUAEWEV6MSIE
Kimberly Courtney Butler,Ford,F150 Regular Cab,1996,White,Pickup,354-AEU,1WD11X0VHSMCM1Q84
Gregory Erik Butler,HUMMER,H2,2006,Black,"SUV, Pickup",QQJ 294,5AQ5NR11EHMOLUC4M
Dawn Hannah Ramirez,Nissan,Titan King Cab,2014,Red,Pickup,OT3 Y1U,ZA7VJAA3M7Y5EJFKU
Justin Scott Lee,Mercedes-Benz,E-Class,2011,Gray,"Coupe, Convertible, Sedan, Wagon",YLX-7173,L3SOPU8G3PWRK3GYT
Christopher Christopher Moore,Dodge,Viper,2008,Gray,"Coupe, Convertible",027T5,MTCK7XIQH5QE80PSM
Kevin Anthony Morrison,Audi,A6,2019,Black,Sedan,LES-4626,UI3FHEC9WK13E58KT
Chris Smith,Mitsubishi,Eclipse,2002,Blue,"Coupe, Convertible",IAI 734,PAW1TA9DSOHJO5HWA
Maria Smith,Mercury,Sable,1995,White,"Wagon, Sedan",OFI-701,P0WHVOS0XU4225W2D
Amy Michelle Smith,Chrysler,Town & Country,2010,Red,Van/Minivan,37D 507,OWJT0D02LPPFXPF49
Lisa Veronica Sherman,Chevrolet,Sonic,2018,Silver,"Sedan, Hatchback",HAU 426,8OXM58S3BQZTQUUSI
Madison Sherman,Mercedes-Benz,C-Class,2016,Black,Sedan,602 ZFO,8TNJHSLZJS4QZG873
Ricky Douglas Myers,Chevrolet,Suburban 2500,2001,Blue,SUV,190 ZNI,EB7A9788NQ3PKTTSD
Natasha Sarah Terry,Ford,Expedition,2010,Red,SUV,722-CHR,B3S7VIBY2CKHZMKNT
Michelle Loretta Myers,Nissan,300ZX,1994,White,"Hatchback, Convertible",ICJ 321,B1N6GC1C3A58VYLF2
Chelsea Aguilar,Chevrolet,Astro Passenger,1999,Silver,Van/Minivan,890SGK,66CA3UIFE4MCJ8QJY
Brian Eric Orr,Pontiac,G5,2009,Gold,Coupe,T39 8BD,5L6M1JOYK12GCAZLB
Kaitlyn Ashley Orr,Volkswagen,Touareg,2014,Black,SUV,544-GADS,XX017R0A1YUS7LQGU
Caleb Roberts,Chevrolet,2500 HD Extended Cab,1998,Black,Pickup,168-USK,JWB92EYB15MO9AYYF
Danielle Lauren Brown,Mercedes-Benz,CL-Class,1999,Blue,Coupe,53Q M67,PRLQI74N6NDYY2LNO
Glenn Kevin Carson,Tesla,Model X,2016,Black,SUV,12P U52,UVJCZJ15T82SQJF4O
Cynthia Mary Murphy,Maserati,Quattroporte,2009,Blue,Sedan,5UDW585,3IYOOXH2LS6G7H77X
Sarah Heidi Smith,Chevrolet,Silverado 1500 Crew Cab,2009,Silver,Pickup,009-VJG,20BCY2WZXOEASGLLH
Melissa Kimberly Taylor,Kia,Sorento,2009,Gray,SUV,623142,VY2423V7NCLPLNQAA
Lisa Taylor,Subaru,Forester,2001,Red,SUV,06W 8001,T01RD90SXUXGG182N
Lisa Felicia Wood,Honda,Odyssey,2020,Black,Van/Minivan,610BHZ,3CC8TYDHHUDKIG7Q1
Michael Douglas Wood,Chevrolet,Suburban 1500,2004,Black,SUV,1Y828,8R6672KJBW5BNXFQV
Jeffrey Wood,Mercedes-Benz,SLK-Class,2009,Black,Convertible,JOM 504,F5FZU8N2JI3ITHSNS
Ashley Mary Orr,Honda,Civic,2019,Gold,"Coupe, Sedan, Hatchback",H22 0FL,N8SCL2Y6RD6S4EUTL
Colin Berry,HUMMER,H1,2003,Gray,"Wagon, SUV",7HS9181,8GI6J5OT5W2J9TZBM
Phillip Anthony Collins,Chevrolet,Malibu,2002,White,Sedan,38YR5,A5P9ARNETCXC9CD8P
Stacy Lee,Toyota,Avalon,2014,Silver,Sedan,6-85414,YIY3Q5QTZ97N18XO4
Kevin Steven Collins,Chevrolet,1500 Extended Cab,1999,White,Pickup,3Z U5614,IY78XFK3XKHHQ5TFV
Jason Antonio Orr,Kia,Optima,2019,Silver,Sedan,966-BNFA,YR2AMXD695JRRA96E
Julie Bryan,Chevrolet,Astro Cargo,1997,White,Van/Minivan,LTY 370,0IWQA72DNPDSEM4PR
Michael Kyle Jones,Toyota,Matrix,2007,White,Wagon,8R 3475V,NK9GRYL67QC503OZT
Rhonda Jennifer Hooper,FIAT,500,2013,Black,"Hatchback, Convertible",HBL 265,V8PBXLI6FDH1S84LW
Amy Tamara Hooper,Isuzu,Hombre Regular Cab,1996,Red,Pickup,8E 3068J,JMY3RAGPL7Y4IV16C
Timothy Curtis Martin,Ford,Mustang,2010,White,"Coupe, Convertible",5NE9355,22JCUNT6IM4L9VN1I
Rhonda Sarah Martin,Toyota,Yaris Hatchback,2020,Silver,Hatchback,504US,OGVM6XXWDXF76JZNK
Travis Martin,Audi,A8,2007,Red,Sedan,229-ALU,QE1M9VG83DSTNCPUB
Lori Heather Carson,Mercedes-Benz,SL,2016,Blue,Convertible,SPM-4408,AIG9OPOGRXEUMFHQ7
Daniel Keith Hobbs,Nissan,Pathfinder,2008,Silver,SUV,ZMV 449,85AQACM75NPR1MDFS
Debbie Stephanie Hobbs,BMW,5 Series,2015,Black,Sedan,VJV7495,NKD5PQLVJ8PG2BOMW
Jacob Hobbs,Ford,F150 Regular Cab,2003,Red,Pickup,7X 6246Q,33SEEQGF8OB0N16N1
Rachel Allison Simmons,Volvo,V70,2005,Black,Wagon,8ZP2505,P45NYC2TQG9DQIO0P
Bethany Julie Morrison,Chevrolet,Sonic,2012,Black,"Sedan, Hatchback",T91 1EL,4BRC7XATDAH4J5VBH
Robert Todd Smith,Dodge,Ram 1500 Regular Cab,2010,Black,Pickup,412 NCN,AW9LZX9B113M7KTSH
Tina Cindy Smith,Kia,Amanti,2007,Black,Sedan,0M 9V0IWU,0984EWJ00FGNGO3DR
Christina Elizabeth Lester,Ford,Escape,2005,Red,SUV,512 AOM,TRHC1PTGZ1JR5FBG4
Larry Benson,Hyundai,Scoupe,1992,Gray,Coupe,6WN41,ZP9CVIA6G5SCSDH0W
Christina Amy Collins,Ford,F150 Regular Cab,2010,White,Pickup,HJ3 4537,9FZWO5CZ7JADBAFO0
Jamie Shirley Benson,Volkswagen,Golf,1999,White,Hatchback,6-I3787,L1PQS0XXGPF1PBX2G
Mike Benson,Audi,Q7,2009,Black,SUV,6M 5O9AFO,R11DF986UAJQ7A65N
Daniel Christopher Brennan,INFINITI,Q50,2015,Black,Sedan,876-UMW,M8UGWH86OFJ30AVI9
John James Brennan,Buick,Rendezvous,2007,Gray,SUV,2FH 455,X5TVIXMJAXL9USE69
Donald Andrew Juarez,Ford,F250 Super Duty Regular Cab,1999,Black,Pickup,5SNU205,ZTKEL4FJNWMTBPU9W
Keith Monroe,Chevrolet,Silverado 3500 HD Regular Cab,2017,White,Pickup,1-M5665,4XTDVPP7KJ0RH329G
Brandy Monroe,Buick,Lucerne,2010,Red,Sedan,L38-44W,5OEU4G7EW7CHH4JLY
David Monroe,Eagle,Summit,1992,Red,"Sedan, Hatchback, Wagon",VUI-8920,FFCWJ4SLNGU3LS52L
Justin Hensley,Land Rover,Range Rover,2014,Silver,SUV,079-JRR,H48PRKUP0I29NRGGJ
Cameron Anthony Hensley,Nissan,NV1500 Cargo,2018,Red,Van/Minivan,172 KMX,YHME64R0J25UH9IOJ
Johnathan John Collins,Lexus,ES,1997,White,Sedan,582E,D2KDB4JM8ITJRC4UH
Jonathan Jeremiah Ramirez,Volkswagen,Golf Alltrack,2018,Black,Wagon,288ABC,6WFJVI9GN034XIDJ8
Debra Brown,Pontiac,Firebird,1999,Gray,"Convertible, Coupe",SRY2350,VVREIA4N026O41AM4
Lori Nicole Monroe,Mercedes-Benz,Mercedes-AMG GLS,2017,Silver,SUV,3SS X51,SGM2G58XYPEE6BO47
Denise April Moore,Mercedes-Benz,Metris Passenger,2019,Silver,Van/Minivan,DMM 7188,Z317SNDQZGE6HJGCD
Kara Sabrina Moore,Ford,F350 Super Duty Super Cab,2002,Silver,Pickup,OQ 4757,W97R4J3C222F6QRYY
Jennifer Sarah Monroe,Mercury,Sable,2009,Silver,Sedan,GJJ9046,YA0RWFIJWFC6NSBQ3
Earl James Baker,Chevrolet,Express 3500 Cargo,2005,Blue,Van/Minivan,721 RUA,GJOZMPNUVWLJSMTO4
Olivia Debra Baker,BMW,X5,2001,Silver,SUV,7G YF136,8NL7JXSG53EB6WN3Q
Robert Jason Tate,Dodge,Ram 1500 Quad Cab,2001,White,Pickup,18K CK7,UVS1FYUOTWDFIGIH1
Allison Sarah Lee,Chevrolet,Cavalier,2000,Black,"Coupe, Sedan, Convertible",694-QNOM,G15LC3EIRT1KU8XEK
Robert Troy Aguilar,Porsche,Macan,2020,Silver,SUV,850-540,T8NNATNZ1EDH632VT
John Brown,Audi,allroad,2013,White,Wagon,43F 5896,SMLE23H4999KA6JHL
Deborah Sara Smith,Maserati,Quattroporte,2008,Silver,Sedan,CBD C98,7Z6KNQ0R06U7RA28X
Anita Stacy Johnson,Volvo,S80,2014,Black,Sedan,8H581,9LW9UIW61HAJN4W61
Hannah Kristy Johnson,Volvo,V40,2002,Black,Wagon,U 471086,3YYKD6A7XXQIH64MV
Todd Patrick Gilmore,Scion,xD,2011,Silver,Hatchback,RDD5240,S6GDLE4VDC5P9ZZUU
Amber Paula Gilmore,Lexus,GS,2001,Gray,Sedan,OZ 64012,ZJZ1W0ZOLQAB9IWEA
Casey Alexandra Griffin,Volkswagen,Passat,1998,Brown,"Sedan, Wagon",JAL A55,F1TZWSFJAV674WT7Z
Jasmine Kimberly Griffin,Kia,Niro,2019,Gray,Wagon,AGD 368,TI5TJF8EZQZTWBZSR
Karen Shannon Tate,Chevrolet,Impala,2007,White,Sedan,6-3040U,73WNLJG8V8VRRV5K8
Jeffery Scott Hamilton,Maybach,62,2009,Brown,Sedan,4S 1U0VRC,L6HAD32BR7HF98Y7P
William James Hamilton,BMW,6 Series,2005,Orange,"Coupe, Convertible",637YNX,323VYTOG7FXYQIVH3
Christopher Jimmy Bryan,Kia,Rio,2013,Blue,"Sedan, Hatchback",428-ROL,787XZ9MB9FOC1BSKL
Brooke Terri Bryan,Mercury,Mountaineer,2010,Red,SUV,74Q W35,QI7W3V765HFONHRCX
Wendy Chelsea Clarke,Hyundai,Ioniq Hybrid,2019,Brown,Hatchback,MPQ 318,BZARP0JUZI6K8E3HE
Leslie Megan Clarke,FIAT,500e,2013,Gray,Hatchback,IUY 975,KXHIXGOXYHL7PUSIC
Jacqueline Kristin Ramirez,Nissan,Xterra,2005,Blue,SUV,993 LMN,SO9LYZ99R6YAHUAQ5
Jessica Tammy Brown,Ford,E350 Super Duty Passenger,2004,Black,Van/Minivan,49DM805,SZ0XMYZH4ZKGC1RZQ
Holly Ashley Brown,Jeep,Wrangler,2010,Silver,SUV,426 YI1,T0PPVRTN2H5WXKG9E
Tami Jennifer Bryan,Toyota,Highlander Hybrid,2017,Black,SUV,881 ZL7,4Q5JSPNS1GYHYAYPU
Jacqueline Jessica Martin,Scion,tC,2006,Red,Coupe,850-NIX,LB4LEM5XQ2R3LLGUC
